Khan,
Canyon,
ShowMaker,
Ghost,
BeryL,
Rich,
Peanut,
Bay,
deokdam,
Kellin,
369,
Karsa,
knight,
JackeyLove,
Zhuo,
Bin,
SofM,
Angel,
huanfeng,
ON,
New,
Aki,
Steel,
Eric,
COLD,
Flandre,
Jiejie,
Scout,
Viper,
Meiko,
Dhokla,
Winston,
Tuesday,
Apollo,
Zeyzal,
Chim,
Hyami,
RobbyBob,
Kyle,
John,
Aizo,
alter,
rovex,
BukZacH,
Cat 2,
Dragoon,
Will,
DNA,
Meech,
Trevor,
Lxwrence,
eXyu,
CptShrimps,
Wixxi,
Tempos,
Cavele,
Matty,
Strompest,
Array,
Gbunny,
Allorim,
SiddyWiddy,
DARKWINGS,
Raheen,
Pockus,
Faisal,
Quydeptrai,
LE0,
Sketch,
SkyTec,
Breathe,
beishang,
Shanks,
Elk,
Missing,
Ziv,
Haro,
Forge,
kelin,
QiuQiu,
TheShy,
XUN,
Rookie,
Wink,
Baolan,
Zoom,
Kanavi,
xiye,
LokeN,
LvMao,
zs,
H4cker,
irma,
rat,
ShiauC,
Biubiu,
Meteor,
Zeka,
Aiming,
Mark,
Chelizi,
bless,
Captain,
SamD,
Teeen,
Xiaohu,
Wei,
Cryin,
GALA,
Ming,
Ivok,
CrazyRabbit,
Jimsnop,
unknown player,
ZaFiR,
ZongoLeDozo,
SneakyLemon,
Tsiperakos,
CHECKFIDER,
SpieleAufDeutsch,
DrSaw,
Pieter05,
Kapstok,
KieDie,
Cisse,
Robba,
Urban,
Mikkel,
Slyv3r,
Bardo,
Vinnie,
Nomis,
Yoni,
Honels,
Phoenix,
Dommy,
Marrow Ooze,
Flif,
wewillfailer,
Zhergoth,
Aesthetic,
Night,
Mytheos,
Duimelot,
Psclly,
Frenzy,
Atlas,
Miś,
xCharm,
PhenomEX,
ZDR,
Avano,
Jeremy,
Magi,
Cozy,
Goo,
Young,
Instinct,
Busio,
Oraces,
Dogma,
Meslo,
Phoenixþ,
9Lives,
Shamwwow,
Hyper,
DrewDozer,
Disconnector,
Nausicaa,
Mekhio,
petitpois,
Enigma,
Good Boi,
Best Poutine QC,
Qwacker,
Trixter,
Xeno,
TeamLuke,
Daption,
Bejjaniii,
Respitee,
Nemesis9,
warcyclone,
Shin Chin,
Albus NoX,
Circus,
Skylinee,
Trieuloo,
Braine,
Breezy,
Concept,
Sybr,
Sudzzi,
Scoooped,
Jishuka,
Modifyed,
Infectrix,
Ariendel,
PK1,
SweatyToast,
HyBriDZz,
FrostForest,
Doxa,
Saskio,
Kenji,
Topo,
LGF,
JChow,
Dangle,
Special Kay,
Diesel,
m0rn,
ZMT,
Russian Ronin,
Saint Ghoul,
Srtty,
Tomio,
Aspect,
Danny,
Mist,
Solitified,
Agony and Misery,
Dziarmaga,
Riku,
Spacemaker,
Eclipse,
Jozy,
Bradley,
BMFX,
Gweiss,
P1atypus,
Kolthro,
Koskinen,
Azog,
Chookies,
Porsche,
GFP,
Sharpe,
Minui,
Scholar,
PCL,
Fanatiik,
APA,
Gorica,
Winter,
Berik,
Dragonjindi,
afters,
Exothy,
Lucky Pham,
V1per,
AnDa,
5fire,
Value,
Big,
ShockPool,
Doubtful,
Klexo,
Lunar2,
Quas,
eThug,
Seranok,
Invitrix,
admirable potato,
Hunter,
Nuguri,
Tian,
Doinb,
Lwx,
Crisp,
Delitto,
DEV1L,
Peppe,
Gagai,
Leodaras,
Br0kk,
Dandriel,
LorLor,
Ralf,
Polikastoras,
Rayzorac,
Valyrian,
Dragflick,
Piwek,
Nojoy,
Fatshield,
Lian,
Silas,
Riron,
Dummy,
Lumerion,
Albetrayber,
Kruimel,
Barrage,
Anthrax,
NooB,
Flawed,
Numandiel,
Lunar,
Nightmares,
Aboekra,
Foute Makelaar,
Tony,
GGsir,
Azeiron,
Looca,
Jkalam,
sumi,
defles,
Seal,
neny,
Echo,
Xzz,
xiaoyueji,
Tangwa,
Zika,
Yanxiang,
Harder,
Kepler,
Konodio,
Rascal,
Clid,
Bdd,
Ruler,
Life,
Doran,
PangSu,
Ucal,
HyBriD,
Zzus,
Zdz,
Yanmo,
Strive,
Ahn,
Zorah,
Luuuck,
Maggie,
forse,
Assum,
Wuy,
Leaky,
icecoKe,
BCC,
Michi,
Kaixuan,
Decade,
pzx,
Vergil,
Uneasy,
Kedaya,
Langx,
Weiwei,
Mole,
y4,
ppgod,
Canna,
Ellim,
Clozer,
Gumayusi,
Keria,
Morgan,
Arthur,
Chovy,
Deft,
Vsta,
Invincible,
Noble,
Joy1,
ZJJ,
Jerry,
Hery,
909,
Till,
Xiaguang,
Xiamu,
M1kuya,
Tarzan,
icon,
Light,
Iwandy,
shanji,
Hook,
Novice,
chel1y,
Cerasus,
leiyu,
lffzzz,
Clay,
Mine,
joj0,
Wondro,
Ploxy,
Dehaste,
Taba,
Fittle,
Deidara,
Yike,
Twiizt,
Endz,
FlayStation,
StenBosse,
Cboi,
Sebekx,
Bung,
darkchri,
LeQu,
Chris,
bucu,
Counter,
Fðx,
Doxy,
Taxer,
Zwyroo,
Guubi,
Click,
Sater,
Rawbin IV,
aki,
Dambaj,
Kibah,
PatkicaA,
Lotuss,
Cohle,
Bullet,
S1d,
Gabbo,
SpeeDy,
SozPurefect,
Afm,
Doss,
Humble,
bademan,
Jay,
XuanLv,
XJM,
Yaoyang,
YTT,
Lzc,
Plume,
Laofei,
Summit,
Croco,
FATE,
Route,
Effort,
xiaolaohu,
Beichuan,
Care,
jiang,
Shenyi,
mogu,
yekai,
GYX,
ratel,
Miaoniu,
Xiaoxu,
S1xu,
Yuekai,
Such,
Bunny,
TaiLuo,
Brave,
lilac,
fuyao,
SLJ,
Lover11,
Yagao,
Qingtian,
Heng,
xiaocaobao,
Xing,
Ke,
QingZhi,
boo,
haichao,
TTH,
Feng,
Coten,
frigid,
xqw,
Stay,
Fahai,
jkw,
Xiaohao,
zzw,
Chase,
L1n,
Kingen,
Pyosik,
Quad,
BAO,
Pleata,
Kiin,
Dread,
Fly,
Bang,
Lehends,
Hoya,
UmTi,
Lava,
Hena,
Delight,
Munian,
Mori,
Creme,
Kane,
Sora,
Demon,
l3est16,
clx,
Able,
Jwei,
Dai,
corbie,
Ben4,
Jz,
Myuumi,
Faker,
Overture,
xiaohuangren,
Keaiduo,
bat,
yaoyao,
Cube,
Aix,
FoFo,
iBoy,
Hang,
Sericus,
LeLeNaGa,
Zych,
Hiyeh,
Hyojung,
Hachi,
Moller,
Shiklin,
Viyusi,
Poke,
Ssumday,
Closer,
Damonte,
FBI,
huhi,
Huni,
Spica,
PowerOfEvil,
Lost,
SwordArt,
Alphari,
Armao,
Jensen,
Tactical,
CoreJJ,
Solo,
Griffin,
Pobelter,
WildTurtle,
Smoothie,
Impact,
Svenskeren,
Jiizuke,
Deftly,
IgNar,
Fudge,
Blaber,
Perkz,
Zven,
Vulcan,
FakeGod,
Dardoch,
Soligo,
Neo,
aphromoo,
Licorice,
Nxi,
Palafox,
Johnsun,
Diamond,
Niles,
Iconic,
Ablazeolive,
Stixxay,
Newbie,
Blank,
705,
Xiao17,
YeG,
Lpc,
Yui,
lovely,
Wayward,
Naruto,
naiyou,
JiaQi,
Niket,
DuDu,
fearness,
Kui,
Uniboy,
Garvey,
Chance,
AYS,
JunJia,
Robo,
CarioK,
tinowns,
brTT,
Luci,
Tay,
Don Arts,
dyNquedo,
DudsTheBoy,
Ceos,
Kiari,
Froststrike,
Hauz,
Trigo,
Klyon,
Skeeto,
Follow,
Anyyy,
Beenie,
Damage,
Bankai,
Mousty,
Evrot,
Disave,
Professor,
Guigo,
Aegis,
Avenger,
TitaN,
Jojo,
Boal,
Revolta,
Envy,
micaO,
Cabu,
Truklax,
Sting,
NOsFerus,
pbO,
Hawk,
Parang,
Ranger,
Tutsz,
Absolut,
RedBert,
fNb,
Yampi,
Krastyel,
Matsukaze,
Wos,
Revenge,
Potluck,
Insanity,
Keith,
Joey,
Savage,
Trigger,
Missia,
ch1rry,
Ale,
Sakura,
maer,
Xiaodandy,
Rifty,
Fénec,
Pillar,
Xandru,
Kosyen,
Only Angel,
Cleanser,
Sykes,
Impulse,
Sorex,
Akkers,
euna,
bbmuffin,
Spark,
longstafff,
Artorias,
Sof,
Chemera,
Yusa,
Fastlegged,
DBL,
Kizuro,
Tirex,
Harry,
Regan,
Eragon,
King,
Thomas Goh,
Kzed,
Kd0,
Merpilian,
PFI,
Beeley,
DenVoksne,
JeppeHou,
Lonely,
YoungJae,
Dice,
Envyy,
Kael,
Clear,
Peach,
Eign,
Taeyoon,
Jun,
Riss,
CaD,
Mask,
Cheoni,
Baut,
Castle,
GIDEON,
VicLa,
Noah,
Harp,
Thanatos,
Malrang,
Jool,
Junmin,
Senan,
Trap,
Burry,
Storm,
Valkyrie,
MapSSi,
Dream,
DnDn,
Sylvie,
FIESTA,
Bull,
Yusin,
LukaLux,
Jin0,
Roamer,
Bini,
JeongHoon,
Howling,
Seize,
TolanD,
Ice,
Kabbie,
Roach,
Mowgli,
Mireu,
Berserker,
Asper,
WouLou,
xShadezz,
J0J0C,
L0ckie,
kubYD,
JaxPlank,
Discoland,
Deluxe,
Sirinox,
Kinn,
Rubi0o,
LeBron,
Miniduke,
Namex,
whiteinn,
Sacre,
Alexx,
Knighter,
Flakked,
Aesenar,
Dreedy,
Hades,
Baca,
Rafitta,
Plasma,
IceBreaker,
WidowMaker,
Tonerre,
Jackspektra,
Viketox,
Northenlights,
Colamax,
Sintax,
Vaynedeta,
Gloomdr1fter,
Maxibillion,
Malacko,
Nafkelah,
Lakinther,
Sanity,
Jaeger,
Gavan,
Special,
Nixerino,
Homi,
Robocop,
Nyx,
Javier,
Nata,
Fendras,
Madly,
WRDN,
Bendix,
Bananitoo,
HungryPanda,
Bako,
Four,
Paris,
Kaba,
Saviour,
Send0o,
DahVys,
Siler,
JaVaaa,
Karakal Jr,
Th3Antonio,
Eckas,
Ronaldo,
Attila,
Kamilius,
Oscarinin,
Koldo,
Fresskowy,
Supa,
Efias,
Marky,
Maxlore,
xKenzuke,
Rayito,
Kasing,
Blazze,
Reheal,
Jaqen,
Sh4dowUS,
Domoles,
Harpoon,
Meleks,
Color,
Adrian,
Ariana,
Ather,
Wojtuś,
Satorius,
Pridestalker,
LIDER,
Gadget,
Enjawve,
Ventair,
Lamabear,
InDeed,
Tazaku,
Pandar,
Rzems,
KonDziSan,
Komil,
Tantrum,
PIRANHA,
sheru,
Diagu,
many,
Zamulek,
Slipper,
Agresivoo,
Shlatan,
Sertuss,
Woolite,
Jactroll,
Dan Dan,
Manaty,
Eika,
Exakick,
YellOwStaR,
Orome,
Markoon,
Hatrixx,
Deadly,
Advienne,
Kerberos,
Sharp,
Erixen,
Chrisberg,
Touch,
SLT,
Karim kt,
Reeker,
Keduii,
seaz,
Sleeping,
Kadir,
Decay,
Venzer,
Dreamer Ace,
Melonik,
Tabasko,
Czajek,
Odi11,
Czypsy,
HeSSZero,
Jenxas,
Chosii,
Yashiro,
Calmsky,
Kackos,
Bruness,
Matislaw,
Puki Style,
Raxxo,
Sinmivak,
Lurox,
Chres,
Lucker,
Pyrka,
Sven,
Lyncas,
Eren,
DizL,
Rychly,
Scarface,
Rulfchen,
Phantomles,
Fun K3y,
Leon,
R4VEN,
Memento,
Diplex,
SMILEY,
Hustlin,
Adam,
Cinkrof,
Saken,
xMatty,
Targamas,
Nille,
Flipper,
Poulsen,
Achuu,
Baloo,
Flaxxish,
Cheelm,
Sausi,
Hoiz,
PederseNN,
UnderSky,
Accez,
Qats,
griff,
Mido,
Hidan,
Mewkyo,
Aithusa,
Vitin,
Vahvel,
Boomin,
Phones,
Rabble,
Nite,
Hjarnan,
Visdom,
Alois,
Canee,
ZaZee,
UNF0RGIVEN,
Lilipp,
Bando,
Viking,
Backlund,
Seelame,
Rogue,
Eyliph,
Djoko,
Scarlet,
Asza,
Steeelback,
TamoZ,
Galben,
Sahira,
Mishigu,
DrChaos,
Zombie,
Indecision,
Silk,
Emtest,
Quicktimer,
Kennedys,
Erasus,
Enga,
bydeki,
Zirigui,
Tyrin,
Goot,
Aslan,
ST3PZ,
ProDelta,
Rocklho,
D4nKa,
Glowing,
Kxng,
Vaunted,
Yoppa,
Obsess,
NUCLEARINT,
Kynetic,
Tolerant,
beansu,
Kirei,
Pak,
Innaxe,
Nukes,
ACD,
Boukada,
Royal,
DrftR,
Moopz,
Lindgarde,
MAXI,
FEBIVEN,
BEAN,
Rhuckz,
mumus100,
dibu,
Random,
Kehvo,
Seffe,
Scuro,
Titeito,
Dioge,
Stankie,
Sneez,
Name,
Neephesto,
Grevthar,
Flare,
Woodboy,
iBo,
bluerzor,
Xico,
Jaylink,
Erdote,
Irrelevant,
Loulex,
toucouille,
Ellam,
Prime,
SkB,
Zuao,
Yatsu,
Mills,
Gyeong,
Reversed,
Sephis,
Small,
Piloto,
Lawi,
CacaBlade,
asta,
Goku,
Netuno,
Bounty,
Yupps,
Disamis,
Lynkez,
RAV3N,
scamber,
Fy,
zzx,
Leo,
can,
Xiaochao,
Taiyi,
Spunk,
Beige,
poet,
WeiZoR,
Noltey,
Furuy,
Dragdar,
Prosfair,
Kektz,
Saju,
Apples,
Orre,
Bravado,
Simpy,
Tatuy,
Outlandisch,
Proker,
Snurmi,
Tiara,
Fomko,
Raxhy,
Air,
mihai,
Blue45ty,
Topoon,
Pretty,
Tally,
RoseThorn,
Yunbee,
Prismal,
Chime,
Jenkins,
Haeri,
Yeon,
Eyla,
Lourlo,
Akaadian,
Yusui,
Spawn,
JayJ,
Thunder,
Cavalo,
Hauntzer,
Babip,
Sword,
Cody Sun,
Fizzi,
Darshan,
Shernfire,
Copy,
k1ng,
Isles,
Brandini,
Keel,
RJS,
Hooks,
Tenacity,
Kenvi,
ry0ma,
AndyBendy,
Poome,
Pillo,
Mataz,
Zelt,
Limitationss,
MadBlade,
Nipphu,
LiquidDiego,
FIare,
Gavotto,
Tyr,
Tony Top,
Contractz,
jojopyun,
Shoryu,
Mystiques,
Kumo,
Triple,
Tomo,
Ichik46,
Agonistic,
Lukwer,
Foxy,
Bucket,
Guardián,
Clantoz,
Samy,
Amskilleth,
BetaTwinz,
Koala,
SkyRush,
Byako,
Raeghal,
Pinut,
Marth,
Chikitow,
Vares,
Alann,
Messi,
Duca,
Ovr,
Dynamic,
Barry,
Siegman,
Mayhem,
Dimitry,
Zerkxz,
Grimm,
Choisix,
Carita,
Symebo,
LLSkyLL,
Manny,
Shym,
Andathy,
Dune,
Shaka,
Kunou,
Asura,
LP,
Youdang,
Twila,
skIIn,
R1uga,
Bright,
Famingjia,
Solokill,
Jump,
Dnzz,
Skewer,
urawful,
Luka,
Andariel,
Dellal,
Kebap,
113,
Rhemio,
Rate,
Parus,
Asteroid,
Risin,
Pulse,
Meshade,
Beplush,
Libra,
Anduril,
Yuros,
Scorth,
Mat,
Poibos,
CrawL,
Merciless,
Crasia,
Secondate,
Lenom,
361efe,
Kunduz,
Neramin,
Sparz,
Lot,
Oguzkhan,
Midkid,
FatihCan,
EliWood,
Alesta,
Kenz,
Phenomenal,
Kemba,
Joexy,
NuQ,
Rames,
Camanagozo,
Ruep,
Carry,
KTSR,
Rhilech,
SunShine,
Rhioni,
Only35,
Kushh,
Myths,
Windy,
Leyan,
KemKen,
Sorn,
Blazes,
Shine,
Bisbo,
Pun,
Phuc1,
Yado,
Artemis,
Ronop,
Dia1,
Yijin,
Petland,
Celebrity,
Slay,
Hiro02,
Draktharr,
Glory,
Bigkoro,
Elio,
YIFAN,
Wunder,
Jankos,
caPs,
Rekkles,
Mikyx,
Armut,
Elyoya,
Humanoid,
Carzzy,
Kaiser,
WhiteKnight,
Zanzarah,
nukeduck,
Jeskla,
promisq,
JNX,
TynX,
Blue,
Jezu,
Treatz,
Odoamne,
Inspired,
Larssen,
Hans sama,
Trymbi,
Kryze,
Dan,
Czekolad,
Patrik,
Tore,
Szygenda,
Skeanz,
Milica,
Comp,
Labrov,
Broken Blade,
Gilius,
Abbedagge,
Neon,
LIMIT,
HiRit,
Razork,
Vetheo,
Kobbe,
Vander,
Bwipo,
Selfmade,
Nisqy,
Upset,
Hylissang,
Josedeodo,
Santorin,
Cogcog,
MooJin,
Ace,
Hollow,
Raina,
Evi,
Steal,
Aria,
Yutapon,
Kazu,
Kinatu,
hachamecha,
Recap,
Ssol,
Secret,
Paz,
Crash,
Ramune,
Gango,
Enty,
xinye,
iiann,
Kramer,
Hasmed,
Bean J,
Froggy,
Arrietty,
Taki,
Coated,
DNK,
Artifact,
Slayder,
CBL,
Oncan,
BroCColi,
Umut,
Pilot,
Brolia,
Ragner,
Kireas,
Ksaez,
Kaori,
Absolute,
Phi1,
RayFarky,
Once,
Gariaru,
Yuhi,
Proud,
Nap,
Cassin,
Naehyun,
Milan,
Alchemy,
Bo,
Juuzou,
Robin,
WaenA,
Alive,
Mocha,
fabFabulous,
Typhoon,
Kofte,
Coldraa,
Pbd,
Ino,
Hoglet,
Megumiin,
Honey,
Nemoh,
Last,
Kituruken,
Giyuu,
BaeKHo,
Japone,
Elramir,
stillnumb,
Kiaya,
Levi,
Kati,
Sty1e,
Bie,
Yoshino,
Meliodas,
Pake,
Divkid,
Palette,
apaMEN,
Tussle,
DasheR,
Zenit,
Corporal,
StarScreen,
Ferret,
Serin,
HolyPhoenix,
Farfetch,
pr1me,
Tumay,
Balta129,
Jeyrus,
Shawi Katami,
Aristochrate,
PatateVolante,
AmazingWater,
PTS,
Grindyzer,
Yeetified,
Såd,
Space,
Chemnat,
Stan123,
Korokke,
Jackie,
Franky,
Bewis,
Archmage,
Squarepantsu,
Molesman,
DarkUniQ,
Razorder,
Gaboesh,
Reality,
Shunrim,
Raider,
Shamber,
Divine,
Drawleks,
Luana,
Mojito,
Bolulu,
Padden,
Zergsting,
existence,
Kamil,
Eden Fox,
Admawodo,
Xaragonas,
Gennie,
Mauki,
Mahonix,
BadPie,
Kuromi,
Ryazaki,
Joep,
Infoneral,
Emiw,
QTKT,
zhìì,
MechaNics,
Slimy Devil,
Mortar,
Mindrago,
Biskoo,
Electro,
Lapis,
Moon Prince,
Nilan,
Meloco,
Mke,
Poeza,
Baba,
Jhinsane,
Aodi,
Killerqueen,
Mysun,
Frey,
Xiaopeng,
Ophelia,
Prove,
Xintox,
Klowny,
Spooky,
twohoyrz,
Vzz,
Mersa,
Tokz,
xeonerr,
Diva,
Jopa,
F1ko,
Timmy,
Saintsu,
Crocomux,
zekja,
1roNN,
Kaylem,
Ryuzaki,
Von,
Khantos,
Nikola,
KingMagnus,
Hatred,
Zeiko,
OmulFinn,
j3lly,
Paladin,
Lucky,
Zezpez,
Dmitar,
Frle,
Dika,
Lexa,
Novais,
Senun,
Semide,
Yuzen,
QueresYogurt,
Aziado,
LeChase,
Heroic,
Alternative,
Slayer,
Broken,
ReAt1vo,
Galaxy,
Scutt,
Sacred,
Vortum,
Jony,
Ryuin,
Ivan Dragovic,
Beat,
Ken,
Fallen,
2Cups,
Goldento4st,
iLevi,
Coatpustmain,
mrcvl,
Comeback,
DeathArrow,
Maraciuca,
F4rg,
Time,
Blizz,
MyKey,
Obstinatus,
Renas,
Exos,
RapMonsters,
MetroArcher,
Waffeletten,
Frozen,
Lulas,
ESCIK,
Gotzy,
KroMAX,
Sl4shD,
Own3r,
Vrow,
Creon,
Feedarias,
Candy,
Xav,
Sandflame,
ShorterACE,
LikeAMaws,
Hopefulx,
Clyde,
Waker,
Fancee,
RBM,
Rhino,
Dinka,
Kind Jungle,
Spirax,
Yen,
Julien,
Chippys,
Odd Orange,
Wolfe,
EvanRL,
Shady,
Apathing,
Dragonminkim,
T0WN,
Protos,
Vex,
Muru,
behave,
Warszi,
arnax,
Divider,
D0MAS,
Eonis,
Pulsas,
Pugnare,
GN0MAS,
Spozhais,
Helvis,
Ultimater,
Pavkyn,
Gerro,
Yuta,
Godux,
Homeless,
Facen,
Klydex,
bAZZILISKS,
ChosenOne,
ReaL,
Saulius,
Nemky,
KNOK1,
Bobista,
Pride,
Gragolandia,
Hanor,
yOFT,
Chuffylol,
Slowla,
Jabuticaba,
Warizar,
Conse,
Kanna,
tibor,
Bushy,
Cospect,
Legions,
Drop,
EricZYang,
Flawless,
Xhow,
MikePerewait,
keve,
Klofan,
Charca,
Sufon,
Kulvas,
Pact,
Deepe,
Koudys,
Sysak,
Zentul,
Cybonox,
OMON,
Wapode,
Zeussak,
Adiss,
Sacrifice,
Sajator,
Hiro,
Rufus,
DrMatt,
TxZ,
SkyMind,
AZR,
LukasNegro,
Kartana,
Kirito,
Emets,
Charlie,
Garp,
Wysek,
ordno,
PiOk,
VaSKED,
Emperor,
Pocok,
Defflok,
MAZURR,
MjrDee,
Manolito,
EXIMUS,
Emp,
Viciun,
Woohee,
Deratero,
Funky Dog,
Cosmoz,
Egotistic,
IgnaVilu1,
Eleison,
Shookz,
Dandy,
Snaker,
Feitan,
Aquasonic,
Wiz,
Cepted,
Nothing,
Genthix,
Vlk,
Goksi,
Tixn,
Mauss,
Annyeong,
Drago,
Dinrok,
Stanik,
Glutch,
Maestro,
Arfyss,
Ominick,
Zaphyr,
Kimi,
Gralou,
Kryzpo,
Ocean,
SKR,
Sang,
Clark Gregg,
Sunblast,
KinG,
Brucer,
Luskka,
Shmebu,
Wamu,
Sabaneti,
Termo,
Crus,
Nekhazten,
Pori,
Tetis,
Szeki,
Lost Tupper,
Escle,
Izaenk,
Trashy,
Lhazurt,
Artyk,
Tufi,
GianKios,
Lil Knight,
Wandering,
Lyg,
Prodigy,
Fiv,
Camilonicolau,
KearZy,
Nantes,
Sholwan,
Agressiv,
Totti,
Nobody,
Kindless,
Kbstible,
Edenzin,
Chordy,
Tomnam,
Lyonz,
Antimagic,
Zwitch,
Fear,
Wonder,
Tsunami,
Rockstar,
Leigrey,
Snavet,
Perro,
Uruwhy,
Burrito,
Sami,
Alowhed,
GunPoint,
Nnicky,
Kanra,
Amarant,
N N,
KouZZe,
Pyl,
Seeker,
SryNotSry,
Shuryeng,
Wesker,
Manuelcap,
Nate,
Rod,
Kytra,
Krim,
Bardito,
Dreams,
Pan,
woofi,
Strange,
Lac,
Crecre,
Brianthees,
Fresco,
RoKeRo,
Hika,
Frozzen,
Peace,
Cuzz,
Teddy,
aoliao,
Nickey,
Flora,
Aliez,
Alielie,
Howl,
Keishao,
Tammz,
Hazard,
Helcrank,
Rainight,
Adry,
Feather,
xiaoty,
Rby,
lcberg,
XuHao,
Hieu3,
Chieftain,
ugly,
MANGOZ,
Zeros,
jbdutchowns,
Dipsy,
Izoyu,
Wizer,
Ryan,
Ray,
Xypherz,
Aloned,
Ceo,
Shadow,
Zothve,
Grell,
Kiefer,
Pancake,
Wadid,
Buggax,
SolidSnake,
cody,
WhiteLotus,
Ackerman,
JackPoT,
Unforgiven,
Rainbow,
Horus,
Nottingham,
Acce,
Mightybear,
Leza,
Bvoy,
Gastruks,
IceBox,
QQMore,
Cotopaco,
KreshtDoo,
Duivel,
Jauny,
Bugi,
TopLop,
Erry,
Baula,
Zerito,
Tierwulf,
Seiya,
Warangelus,
Shu Hari,
happygame,
HHNeverLucky,
Duye,
Kneza,
Hankat,
Zaga,
Fantasy,
5kid,
Babayaga,
Saddy,
Molto,
Gjerg,
Agnar,
liuggis,
Evil,
Arverr,
Shone,
Nasser,
Yimeng,
Grzybek,
Ben3k,
Wojux,
svns,
April,
AGENTAS,
Xavieles,
Tkk,
Horio,
Zeus,
xifeng,
Karis,
Vizi,
Vlaren,
Downed,
Stealshot,
NephAddie,
Vodin,
Semík,
Eškeree,
Romča,
Sewayx,
Tiger,
Tomasino,
Unicornleader,
Dawerko,
EdbyK,
Rošťák,
Kyoshi,
Viktor,
Jekyll,
Kars,
Vezzy,
Patosh,
Dudeoji,
Phenix,
Knedla,
Jackisek,
Majkkl,
Smarty,
Frost,
Ways,
SGooB,
Benda,
HoTy,
Sobák,
Trungi,
Majoss,
Vasekfel,
Esko,
Žaki,
Thien,
Katsurii,
Naz,
Qing,
Lucas,
Dove,
Aras,
Katris,
Ravenous,
Blake,
Welcom,
Savero,
Jaacoolb,
iWa,
Loers,
Cruel,
Xerxe,
Raes,
Destiny,
Finn,
Sotsy,
Kweezer,
RaiZeR,
Ascalon,
Nîmu,
Karnemel,
DVLK,
Lizardh,
HenkHenkerson,
xaiyen,
Ruin,
1220,
Today,
Style,
KingKong,
Oscure,
Vio,
Wendel,
BakaPrase,
Xaky,
Panda,
bIGMAK,
Betão,
Xanfii,
Adamson,
Petipino,
Luger,
Berkan,
Karisas,
Aetinoth,
mag1cian,
Reysen,
Matimm,
MagiFelix,
Crownshot,
Severity,
BOSS,
AHaHaCiK,
Nomanz,
Frappii,
SaNTaS,
Dreampull,
PvPStejos,
Phlaty,
Shiganari,
Lekcyc,
Vibe,
Maynter,
ItsCortez,
Laynel,
Argonavt,
Dimonko,
Smurf,
Kreox,
XoNix,
Mirbs,
Adept,
NoNholy,
MxDragon,
Griffon,
Kinzu,
Jestkui Max,
Charger1,
Rein,
6ax,
cyraXx,
Mercenary,
Ques,
Balkane,
Maxim,
Mytant,
Miracle,
Romuka,
BullyMaguire,
Haninger,
Valhalla,
SimSin,
Gaduniker,
Oddie,
Xidrian,
Jacob,
Kio,
Foglik,
You Mert BRO,
Sky,
Noma,
Forsaken,
Flash,
Minit,
Cruiser,
Rebel,
stachu,
Liz,
Dom1nant,
Nordsen,
Makishy,
scary,
Blacky,
Fushi,
2K,
Luxael,
Sangrod,
chr1sz,
Tireurennu,
Matilda,
Sin,
Kayse,
Nji,
Empanadita,
Likai,
Gemini,
JimieN,
Atlen,
Hanabi,
River,
Maple,
Unified,
Kaiwing,
Speltz,
DoeDoii,
Xyliath,
Dawn,
Cresho,
Azhi,
Enso,
Minji,
yijie,
K2,
Nagiya,
Rock,
Patience,
B1ven,
MnM,
Wing,
Rockky,
Epic,
Ruby,
Wako,
Pop,
TOPKING,
CYH,
Shera,
Blaze,
Smerv,
3z,
Kiy1n9,
APEX,
AN,
Zihan,
Stark,
Rest,
Hana,
Mission,
Lilv,
Woody,
Liang,
HuSha,
Husky,
Doggo,
Kino,
Broxah,
Serenity,
OnFleek,
Prince,
Oner,
EasyLove,
Naryn,
Photon,
Keine,
Chasy,
Cow,
Bicas,
BioPanther,
Pabu,
Chazz,
Praedyth,
Decoy,
Nectaar,
Buggy,
Wayy,
Shyfrit,
Shinki,
Lived,
Swathe,
Kisee,
Lionel,
Dragku,
Winterer,
Sybol,
Incursio,
styled,
emelg,
Maximize,
Vengeance,
Chungy,
Puma,
Beats,
Safa,
Azus,
Kyose,
Piglet,
Aziyah,
Apii,
LeeSA,
Halo,
Violet,
Aladoric,
Claire,
Only,
Shok,
gunkrab,
Cupcake,
Dethron,
Godbro,
Toaster,
Shaquinn,
Savior,
OTTO,
NegroNE,
1Haru,
1an,
NerzhuL,
Karcass,
27,
Willy,
Lover,
Alfred,
Sophyre,
Shupian,
KennyChan,
Ruii,
Betty,
Roulette,
Furkoazki,
Ersin,
24,
Arshavin,
Ruf,
Why Not,
Ballack,
Shark,
kun,
XiaoYY,
Puff,
Kanji,
Gankkkk,
Dicey,
yoHan,
Ceros,
Gaeng,
PekiDo,
Forse,
Youxin,
Nice Guy Ben,
DuaLL,
Meight,
Yursan,
Narttaker,
Thomas Shen,
Haylov,
Brance,
N0body,
Insulator,
Vince,
Regi,
Envy Carry,
Cabee,
Yaharong,
Sawyor,
JGM29,
Kanade,
Kevy,
ErenJaeger,
Whynot,
PK,
Maoan,
Driver,
Crumple,
Focus,
Reedfoo,
zhs,
Jervo,
Drukstar,
Suren,
Shyelander,
Nae,
Wodex,
Wannabe,
Poweh,
El Bakanito,
Piku,
Fede,
Kandar,
Ushuala,
Carbono,
Rip DFG,
Kou,
Dark,
Phaxi,
Taara,
Mayakuza,
Bola,
Cloud,
Fleck,
Algos,
Fracasaurio,
Ryuk,
Kongyue,
leafzz,
Wardian,
JKJK,
Yin,
Ruvelius,
Sammy,
Nathell,
skywalker,
Marzss,
Rizza,
Zegyad,
Infinity,
Raedz,
Blink,
ImAntizero,
Uthred,
Indr4,
Hydra,
Rata,
AlVaRo710,
ByGuntZ,
Adricesa,
BSleeping,
Berni,
Gaax,
Luzbel,
Toyejo,
ThreaM,
FloKy,
Keeper,
Xming,
Chao,
escox,
Goryus,
Bruski,
Serch,
Pøl,
Aglaro,
Palens,
Midnight,
Legolas,
Make,
Myrwn,
CRoNiiK,
Kamikaze,
Raziel,
Boly,
Floh,
Bluux,
thatsick,
Seventt,
Hax,
Abner,
Reine,
Rubenxico,
vodomera,
Arven,
Wenbo,
Ninten,
LightFall,
Venus,
Eddie,
FERRARI810,
Kakan,
Jejky,
Dragane,
Monk,
Zvene,
I Am Kees,
Tanu,
Tide,
Bruland,
Yogur,
Floppy,
Poltron,
Lodik,
In4,
JonnyREcco,
Killakin,
Greggers,
Hasse,
Ibai,
Renghis,
Wilhelm,
Nice guy dom,
Vayne God,
Zeerrgg,
Azura,
Noway,
Azitor,
Abagnale,
EGO,
Yasin,
Aaron,
Aizhon,
Tostado,
WachonBB,
Zherathor,
ElDestructor,
HYOG4,
yyy,
XXX,
Thesnake,
wowowo,
2y1,
Xiaoxiang,
Hope,
fengyan,
Fangyuan,
unravel,
SargoX,
Xuanri,
PandaC,
Nana7,
Fatfish,
LXF,
cc,
xiao7,
Tianzhen,
xzy,
Sh3ry,
Ethelikith,
Yuan,
Wangxiao,
Nayuki,
Fzz,
Izeman,
Freshx,
Baiyu,
Xiaobai,
Volg,
Taikki,
Quixeth,
Lunddorf,
Chapapi,
Typical,
Integral,
Kourosh,
Fame,
Lotus,
Shredder,
Vinboiz,
Spot,
Arte,
Simon,
NPer,
Penguin,
Keiko,
Vit,
H3,
Hinn,
Trortro,
Noxus,
Ruso,
EUNE,
SeMike,
Cehin,
Plugo,
Fix,
Fersito,
Volcanic Dog,
Maxix,
sOnyky,
Dazzl3,
OneSECOND,
Voyz,
Lechuga,
Tomate,
Filopo,
Tulz,
Togep1,
Jorx,
FeeNiixZ,
Xenxo,
RTeks,
Yolo,
Piqueos,
Scrappy,
Xeydon,
Milo,
Douny,
PikaBoss,
Furiozz,
koughi,
Caos,
Knod,
Day Beats,
Arrow,
Links,
Philip,
Bluster,
shochi,
Qit0ng,
Clareetz,
Gamsu,
Chad,
donbray,
Clam,
Brayaron,
Steellar,
Kaleos,
A266,
Chente,
Wrecking,
Kyoto,
Meteoro,
MrMemox,
Rosseu,
UltraViolence,
Pishilon,
nash1c,
Ancu,
Dudu,
Kairell,
Soboro,
Winner,
Quid,
Peyz,
Lospa,
Neulu,
SoundA,
MG,
Pat,
Bong,
Lodi,
BreadMan,
HyoJun,
Moham,
Nanyang,
Hajae,
Min,
Woong,
Stage,
Kang in,
Raptor,
Nino,
LeeBoom,
Lucile,
decky,
PYoChul,
SeTab,
Yeosong,
Piero,
Roast,
JUG,
Noticed,
Spoon,
Sive,
Corvo,
JohnGiannis,
Gosberg,
Hide,
Guertas,
Pigeonx,
Tuomari,
M4CI3K,
CblpHuK,
S1ckdy,
KASAPINA,
Fenz1,
Totyz,
Jason Jungle,
Akabane,
eastgoblin,
SenZu,
jinjo,
Souli,
Mistil,
Gama,
Gemon,
Vyct0r,
Elusion,
Noodle,
Michlit,
Rueven,
Roison,
Curl,
Enryy,
Joekie,
Sheefto,
Techoteco,
Muter,
Baybror,
Wixo0,
Valton,
Simpli,
Carnage,
MC,
SlowQ,
Dertako,
Kubu,
Six10,
ManoloGap,
Tilt,
Hayha,
Diamondprox,
Jockster,
Croc,
Yuri,
noname,
Manki,
Bakako,
Otter,
Maikeu,
FGG,
SkewMond,
Soujin,
Monrobbo,
Axelent,
LittlePants,
Jaunatis,
Fuyu,
Prayer,
itsShieda,
Topi,
coomecoom,
Vango,
Cl0x,
WillTheScout,
Lucid,
Rahel,
Bible,
TaNa,
Willer,
Juhan,
vital,
IlllIma,
Citrus,
ZWuJi,
Zekakos,
Fred,
SickN1ck,
Postkassen,
Korts,
Migas,
Sapphire,
Syndroom,
Kutamo,
Joo,
Darky,
Zenitsu,
Tochas,
Dragon,
Haze,
Dandom,
Blindness,
Yamato,
Kiddo,
PapiTeero,
Pelo,
matiaslaclasse,
Gloomy,
Biosun,
Cabochard,
minemaciek,
Crow,
Dawidsonek,
marlon,
Shikari,
Stefan,
Jean Mago,
SkyBart,
Fraid,
Guigs,
Hugato,
Ari,
Kick,
Telas,
THSniper,
Tea,
Marfz,
Harumi,
VISÃO,
Redentor,
Promise,
NiT Cesar,
sorahed,
Smlz,
Tinelli,
gori,
Patch,
shad0w,
Reber,
Merter,
Bafi,
Pako,
Creation,
MGX,
J11,
Osman123,
Hypnos,
Paixdia,
Tholem,
monkaS,
Cayetan0,
Avalanche,
Jesiz,
denyk,
Reifoas,
Crazy,
Jaguar,
TheMTB,
Mettoe,
Desrim,
Gijsje,
Stefannootje,
Xëmon,
Mirai,
ShadowInFlames,
Iroh,
KoxTroll,
HiddenLaw,
Kiss me,
Hoon,
Husky Rider,
Tzumi,
SuperFarter,
AdaMed,
EMENES,
SoHwan,
bonO,
Black,
Destroy,
Gamefaced,
No IV Arrogance,
Aerados,
Raitch,
Kush,
Boras,
Koxira,
Feit,
Pitar,
Nedara,
Nazgul,
Scaryride,
Septico,
Stefanko,
Kijac,
MrMiks,
Bona,
DoubleAiM,
Gaca,
Hakai,
Xeanny,
Sk1nzor,
Matebuff,
hextasy,
Velja,
Xgao,
bingqing,
xiaoyu,
Leave,
Akano,
BoWen,
XinMo,
Kalroc,
1xn,
Alu,
Goodo,
Frosts,
BuLLDoG,
Onyoz,
xmar,
djulo,
Julbu,
ELO SANTA,
VeyLot,
Energy,
The Blind Boy,
MrFreezed,
ZupZup,
Opelis,
Fiennes,
Anubis,
enel1,
Daiky,
Mitsuki,
CSY,
Ever,
eight,
Hungry,
PeiLin,
pyboy,
GeGuoWei,
MengYu,
Shaoye,
yws,
bohe,
Bello,
6abysweet,
XLB,
Lele,
Photic,
torch,
Parac,
rinrin,
Takeover,
Linker,
Neadz,
Starry,
pain,
Sufleks,
Bedi,
Tenus,
Lachtan,
Alleex,
TasteLess,
Broken Sword,
Lagiah,
Haklbery,
Munet,
Davros,
HondaTolec,
Query,
Avarosa,
Erha,
Hypa,
Sebal,
Scúffed,
xDrop,
Atrocez,
dONNIE,
Whip,
Renn,
Motive,
Cao,
Lightpulse,
Nova,
Cat Ears,
BurnMyDread,
Cyborg,
Youli,
Danasaur,
Distelfinks,
Kacha,
Just,
Diomarr,
Zhadox,
Ego,
Cendi,
rachet00,
Mabud,
Joggerss,
ZKG,
Jean Francois,
Rourke,
Cinna,
sahori,
Prankuru,
Maniac,
KingGeorgie,
Dal Byul,
Dec0y,
suffix,
Pride Jia,
Huntervault,
l3engee,
Barlo,
Straight,
Archer,
Jelly,
Haru,
Pieck,
Mia,
Nightstar,
DANY,
Brelia,
Oliver,
TR1NKET,
Snow2,
Gedaya,
tiga,
Alvanai,
Fiko,
Pacou,
Thomas,
DoubleG,
Rudzkoo,
zty,
Ejsner,
Beaupere,
Champen,
Maat,
Meraiel,
Eisley,
JingYi,
Zubac,
Necropolisak,
Ducktape,
LimTheDestructor,
adampongo,
m4tej,
Enettro,
Flaai,
Nyken,
Thomasive,
Gornagal,
Toybu,
Duck,
oki1,
Strode,
N3znamy,
Dolis,
Marco,
Dejvos,
Akira,
Flying,
itt,
pinz,
Wings,
Wonka,
Fade,
Aleykxar,
Ghoster,
Carris,
Cartamenio,
Tadeusz,
Van,
lRoma,
sun9,
Demro,
Vakulich,
Get Lost,
Kenal,
Rillyaviel,
Tatsui,
k1tava,
Arcurath,
HaZZ,
ORION,
Anechek,
Madrid1st,
Imperial,
Aoi Haru,
Keysie,
Zehmox,
Achilles,
Syrpy,
Zeypher,
Rago,
Jovian,
CastielMid,
Dimi,
Circlet,
SH4DOW,
RoyalKanin,
Orlan,
Aug,
Zap,
Kenny,
Gattsu,
BlackSwan,
Zeku,
Miss,
Cygood,
Teh,
JimsY,
KYER,
Cubo,
Spectral,
xGenesis,
Jorge,
10ng,
Smith Morra,
Leiruan,
iiaan,
Bery,
Dizya,
Punisher,
Samkz,
YallaSafSaf,
Powages,
yebo,
View,
Kz,
Nikolex,
WildStars,
Yakkey,
Electrising,
Tieru,
Sinistro,
Saico,
Sin1ster,
Mazi,
g3tH,
Juliera,
Davidssonx,
Mikmer,
Inori,
KlonkGronk,
Rey Leon,
dymon,
Vark,
Trivia Boi,
Hero,
Greasy,
animegirl,
Bluxxie,
LastDanceDF,
Blossoms,
Zamudo,
Leemo,
Conveying,
Loi,
Pluto,
Kitzuo,
Arguments,
Le Grain,
Call Lin,
Packs,
duong pro,
Somesort,
Misterdot,
Kim Down,
ADD,
Tempt,
Citrus9,
Hantera,
XnS,
Tommy,
Uzol,
Valuxitax,
haoye,
Aeiden,
Felia,
HongSuo,
s1aytrue,
Holo,
MoonBlack,
IC8,
Alex,
Esgi,
SeongHwan,
Lei,
TheWerWer,
Dimill,
Jett,
Demo,
Fatorix,
Pyton,
Densii,
Chryssey,
Apdo,
Zyko,
Uni,
Szafa,
Astraios,
Yu,
HakaM,
yuyanjia,
Ruzgar,
Edward,
Puentinho,
Baltica,
Daedra,
Cuest1oN,
Styon,
Medzz,
K,
Sober,
Wen,
Arashi,
SyaL,
ChoiSeokMin,
Rodnaldinho,
Baby Upset,
Chinra,
Tobi,
Gennos,
Difference,
Neos,
Nardoš,
Lukke,
Dajor,
r0bbed,
Rezso,
on1,
Caxee,
Faded,
Shoganaî,
Clearlove,
Luiku,
Kakashi,
Chayon,
Zingy,
Audax,
Shemek,
Julius,
Feisty,
Rise,
Speedobear,
feeling,
Burdol,
zzm,
xiangqian,
Kocourek,
Eugeo,
CraliX,
Akashi,
Druxy,
DeKap,
Riyin,
Pipinos,
Xyster,
Sadlo,
YSKM,
Bureiku,
NeoS,
Smart,
IceDeath,
imHero,
Kaito,
DT99,
Acheng,
Ethiridis,
Omly,
Tibs,
Ark,
zybo,
SaDJesteRRR,
Yunika,
Punk,
Monki,
Czaru,
Bolszak,
Grk,
Makk,
Adison,
Robertoos,
Rexus,
Vincent Crabbe,
7Aster,
Eggsy,
Pastelito,
Naxfer,
Proyecto,
BlOoMi,
Eidoz,
Cezz,
Godsi,
Demond,
ImMine,
Waffles,
Neith,
Pinky,
Saeko,
Grimma,
Vonix,
Lingwi,
de sideré,
Moutarde,
Jujutw0,
Gaëthan,
Sheo,
Eyhro,
NoTiixX,
Stend,
ElReYankee,
Hakkou,
Promesse,
2Guns,
Astolfo,
Junder,
Mtnops,
Astronyx,
Zantimon,
Skillhard,
Wylenz,
Isma,
Peng,
TakeSet,
Helaz,
Déimos,
Habuubu,
Evaan,
Blackrog,
Aku,
Darlik,
LaFleur,
Benaset,
ByFalco,
LeonHart,
rhOm,
Iruga,
Khael,
Galleta,
Janghy,
Overload,
Snoopy,
ElOjoInka,
IPataDePollo,
Perseo,
Joelito,
GodSebas,
LAWLSON,
FarAway,
Ness,
Zeldris,
Yagami,
Inglorion,
Exte,
Sinner Crow,
iOC,
Oscarin,
Momo,
Funahwi,
chico,
Primo,
van,
Nesuty,
rre,
Marimo,
Fujimoto,
Rando,
Curep,
Cosmic,
Sirotama,
Shakespeare,
YellowYoshi,
Flaw,
Kreative,
Akabuff,
Pecotte1,
Ricky,
ankochan,
Wasteland,
HowLa,
Chearley,
Washidai,
Marble,
Hetel,
tol2,
Mutton,
Nolisio,
Deant,
Yuu,
Acciy,
Akainu,
NaiNa,
chilioil,
Ruben,
Honor,
Jakoule,
Amiral,
FrostSize,
Scripter,
Hyôrai,
Draptix,
Dopaminw,
Serendip,
Vespa,
Buzzy,
Soulrey,
Herazor,
Maskas,
Wenhao,
NiuNai,
Soggen,
Daviidh,
Ishi,
Balyy,
Toad,
Shiina,
Borch,
ShooLow,
Goty,
Fosky,
Skude,
coing,
BornThisWay,
Alec,
Naxyy,
L1nops,
Sn1lle,
Nash,
Emendatus,
Scroody,
Cronan,
Laatch,
Potatismjol,
Stumpy,
Wayzen,
Moxokx,
Ermin,
Makony,
Kazz,
Hevinix,
Stormax,
Zuko,
IcyGale,
Koussay,
Xicor,
Nyzah,
Weka,
Zoelys,
Quinncidence,
Practice,
Petoska,
Vigil,
Beartree,
On3Sh0t,
Snabipojk,
JDG,
Music,
Vizicsacsi,
Deffaren,
Raxes,
Bartholdy,
Godsoap,
Vladi,
Lion,
TheSerius,
Harald,
Stef,
Ira,
Leaf,
Pullbae,
Kingdom,
Changer,
Ming9,
Swamp,
Lelitz,
Mangja,
HH,
GGul,
Monarca,
Pout,
Sangchu,
Brona,
Toison,
Seonbi,
Rooster,
Lure,
Nobrain,
Meaning,
HamBak,
Fisher,
ToongE,
Winsome,
Dal,
Forest,
Poby,
Smash,
Minous,
Dosa,
Taejun lim,
Saroka,
Cherry,
Chaos,
Phoxie,
Mart,
ImTheTitan,
Pain,
Cosmïc,
ItSir,
Leaniv,
Ryujin,
Kooiji,
PiskHello,
PesE,
DaniFuFuu,
Peche,
Ereshkigal,
Synks,
Ethixcy,
FireJack,
Eαgle,
Smusi,
aPdrone,
Crowno,
Zoiren,
Ravenk,
Highway,
MiraiX,
Akre,
Cribob,
Perry,
SillyShots,
Dante,
Harvey,
Jetsu,
Shogun,
Aomine,
Poss,
Marcus,
Jarvis,
2T,
R JGL,
R adc,
Gamin,
Loopy,
Clever9,
yawang,
Chloe,
Snail,
Peter,
Paduck,
Ten10,
Duro,
Sirius,
Korea,
Zest,
Southwind,
qi,
yanxuan,
Beijixing,
L1f,
Xingye,
Mmy,
Jinjiao,
xingluo,
Bubble,
qingchen,
Skar,
Teiyon,
CloudStrikee,
5K,
Darwin,
xHun,
TuT,
Longqi,
Bafang,
Mercury,
maolv,
,
