Top Esports,
Oh My God,
EDward Gaming,
Team WE,
Rogue Warriors,
Invictus Gaming,
eStar,
ThunderTalk Gaming,
FunPlus Phoenix,
Victory Five,
LNG Esports,
Bilibili Gaming,
JD Gaming,
Royal Never Give Up,
Suning,
LGD Gaming,
Rare Atom,
Invictus Gaming Young,
Shu Dai Xiong Gaming,
Rogue Warriors Shark,
Rare Atom Period,
Suning-S,
V5 87,
EDG Youth Team,
Team Pinnacle,
TWELVE,
FunPlus Phoenix Blaze,
eStar Young,
Royal Club,
Sheng Jie Gaming,
Young Miracles,
Team WE Academy,
All Combo,
Kaisa Gaming,
LNG Academy,
Bilibili Gaming Junior,
WanZhen Esports Club,
ThunderTalk Gaming Young,
Joy Dream,
LGD Gaming Young Team,
Oh My Dream,
MAX,
Top Esports Challenger,
Ultra Prime,
Ultra Prime Academy,
DRX Academy,
Spear Gaming,
Weibo Gaming,
Bilibili Live,
Huya All Star,
Wahaha Gaming,
Anyone's Legend,
EQX,
Demise,
Enclave,
Resolve,
Barrage Academy,
Gen.G Challengers,
Hanwha Life Esports Challengers,
DWG KIA Challengers,
Nongshim RedForce Challengers,
Liiv SANDBOX Challengers,
Sector One,
KRC Genk Esports,
Team 7AM,
Ion Squad,
DRX Challengers,
Fredit BRION Challengers,
KT Rolster Challengers,
T1 Challengers,
MOUZ,
Hive Athens EC,
Berlin International Gaming,
LowLandLions,
ad hoc gaming,
PSV Esports,
Team Echo Zulu,
GamerLegion,
E WIE EINFACH E-SPORTS,
Liiv SANDBOX,
Kwangdong Freecs,
DRX,
Nongshim RedForce,
Komil&amp;Friends,
AGO ROGUE,
GamersOrigin,
Team Aze,
The Kings,
Respawn Esports,
Janus Esports,
Atomic México,
S2V Esports,
Team Queso,
UCAM Tokiers,
Movistar Riders,
Giants,
Naguara Mexico,
LDM Mexico,
Arctic Gaming México,
We Talent,
Kings of the North,
Gen.G,
KT Rolster,
T1,
Hanwha Life Esports,
Fredit BRION,
DWG KIA,
Anorthosis Famagusta Esports,
Cream Real Betis,
G2 Arctic,
Team ESCA Gaming,
WLGaming Esports,
Team THRLL,
Illuminar Gaming,
Gamespace Mediterranean College Esports,
K1CK,
Team Phantasma,
MAD Lions Madrid,
Gentlemen's Gaming,
Unicorns of Love Sexy Edition,
PENTA 1860,
Granit Gaming,
Team MCES,
SK Gaming Prime,
Luxury Esports,
CERBERUS Esports,
SBTC Esports,
Burst The Sky Esports,
V3 Esports,
DetonatioN FocusMe,
Sengoku Gaming,
Saigon Buffalo,
Team Secret,
Burning Core,
Crest Gaming Act,
GAM Esports,
Fukuoka SoftBank HAWKS gaming,
Team Flash,
CR4ZY,
x25 Esports,
FC Schalke 04 Evolution,
EURONICS Gaming,
Karma Clan Esports,
For The Win Esports,
GTZ Bulls,
Rebirth eSports,
Furious Gaming Chile,
Movistar Optix,
LDM Esports,
Ualá Pampas,
Naguara Team,
Savage,
PIGSPORTS,
Method2Madness,
Iron Wolves,
Kaos Latin Gamers Academy,
Dark Horse,
Boca Juniors Gaming,
Santiago Wanderers eSports,
Globant Emerald,
Intel New Indians,
ODIN Gaming,
eBRO Gaming,
Newstar,
Stone Movistar,
Cruzados Esports,
Undead Gaming,
River Plate Gaming,
AXIZ,
Kwangdong Freecs Challengers,
eMonkeyz,
4Elements Esports,
EFIVE Esports,
Boavista FC,
OFFSET Esports,
EGN Esports,
devils.one,
Dynasty,
Team Infamous,
White Dragons,
CASLA Esports,
Maycam Evolve,
Bencheados,
Australs,
Cloud9 Amateur,
Barrage.NA,
Revival,
Winthrop University,
Pentanet.GG,
ORDER,
CLG Academy,
SolaFide Esports,
No Org,
TSM Academy,
Chiefs Esports Club,
PEACE,
Legacy Esports,
Dire Wolves,
Maryville University,
Rensga eSports,
Vorax Liberty,
PSV Esports Academy,
Starlan Gaming Club,
Gaming Team Kravaře,
Ion Squad Academy,
STOPWATCH eSports,
LOUD,
paiN Gaming,
FURIA Esports,
Flamengo Esports,
Team Liquid,
Cloud9,
Dignitas,
Kaos Latin Gamers,
XTEN Esports,
TSM,
Furious Gaming,
Golden Guardians,
Isurus,
BRUTE,
Inaequalis,
eSuba,
SINNERS Esports,
Dynamo Eclot,
FlyQuest,
100 Thieves,
Vikingekrig Esports,
Immortals,
Evil Geniuses,
GGEsports,
Axolotl,
7more7 Pompa Team,
Mkers,
Zerolag Esports,
Zoos Gaming,
GG&amp;Esports,
Team Universe,
Macko Esports,
Dark Tigers Academy,
Dynamo Eclot Academy,
MAMMOTH,
SK Gaming,
Rascal Jester,
Inside Games Challengers,
Dynamo Esports,
Vikingekrig Academy,
Rainbow7,
Infinity Esports,
CTRL PLAY,
Inside Games,
All Knights,
Estral Esports,
Cyberground Gaming,
Goskilla,
mCon LG UltraGear,
INTZ Academy,
Flamengo Academy,
Cruzeiro Academy,
KaBuM! Academy,
RED Academy,
Liyab Esports,
Hong Kong Attitude,
Impunity,
Alpha Esports,
PSG Talon,
Berjaya Dragons,
BOOM Esports,
Samsung Morning Stars,
J Team,
Beyond Gaming,
Counter Logic Gaming,
Team Echo Zulu Tribe,
RoX,
Team THRLL Academy,
CrowCrowd,
KaBuM! e-Sports,
Cruzeiro eSports,
RED Canids,
INTZ,
KV Mechelen Esports,
LOUD Academy,
paiN Gaming Academy,
FURIA Academy,
Rensga Academy,
Gravitas,
Vorax Liberty Academy,
Dark Tigers,
Tricked Esport,
Team Singularity,
Machi Esports,
Excel Esports,
Team 7AM Academy,
FC Schalke 04 Esports,
Team Vitality,
Fnatic,
G2 Esports,
Rogue,
Nerf Galeforce,
BCN Squad,
Abyssal Esport Club,
S2V Esports Academy,
Arena Quesito,
QLASH Spain,
Unicorns of Love.CIS,
Astralis SB,
Kawaii Kiwis,
WAP Esports,
Dead Rabbits Club,
Six Karma,
Movistar Riders Academy,
UCAM Esports Club Academy,
CowBoySquad Imperials Esports,
Gaia Esports,
Umbra Divinus Gaming,
aNc Outplayed,
WAVE Esports,
Team Refuse,
Wortex Gaming,
Medieval Riga,
100 Thieves Academy,
Evil Geniuses Academy,
Team Liquid Academy,
Immortals Academy,
Esport Academy,
Vega Squadron,
Golden Guardians Academy,
FlyQuest Academy,
BRUTE Talents,
Black Star Gaming,
Dragon Army,
Netshoes Miners,
Supay Gaming,
GOEXANIMO,
PDW,
Dignitas Academy,
Cloud9 Academy,
One Breath Gaming,
eSuba Academy,
TOOOLS esports,
ZETA,
Leviatan Esports Chile,
V3 Esports Academy,
Fukuoka Softbank HAWKS gaming Academy,
AXIZ Academy,
Rascal Jester Academy,
Burning Core Academy,
Crest Gaming Act Academy,
DetonatioN FocusMe Academy,
Sengoku Gaming Academy,
LK Gaming,
Misfits Premier,
Karmine Corp,
FROM ZERO TO HERO,
Phlox Gaming,
EFS,
Shadow EK,
Shadow Battlica,
Weibo Gaming Youth Team,
Romulea eSport,
MAD Lions,
ANEW Esports,
Evil Geniuses Prodigies,
Dignitas Mirage,
Supernova,
Wildcard Gaming,
4Elements Scuttle Squad,
Flama Esports,
Gen.G Academy,
Fox B,
Kwangdong Freecs Academy,
Winners,
Netshoes Miners Academy,
Glorious Gaming,
ZennIT,
KV Mechelen Esports Academy,
KRC Genk Esports Talent Team,
Bastards Esports,
Starlan Gaming Club Academy,
Lucent Esports,
MNM Gaming,
Resolve Academy,
London Esports,
Area of Effect Esports,
Labradoodle 9,
Olympiacos Alimou,
Viperio,
NVision Esports,
LDLC OL,
GameWard,
100 Thieves Next,
Wildcard Gaming Red,
Resolve NA,
Lanomania,
NYYRIKKI,
Absolved,
Vanir,
LDN UTD,
Team DeftFox,
X7 Esports,
Dusty,
Munster Rugby Gaming,
Bifrost,
AaB Esport,
Hanwha Life Esports Academy,
T1 Academy,
Shadow fOu,
DWG KIA Academy,
Angry Bats,
Earth Revolution Gaming,
ASD Atlas,
P11 Esports,
404 Multigaming e.V.,
Black Panthers eSports,
,
Rejects Gaming,
FrostFire,
Illinois State University,
Misfits Gaming,
Astralis,
Gambit Esports,
Pushing Gaming,
Bulldog Esports,
Box Gaming,
Genius Esports,
Solary,
IZI Dream,
EAS Team ESCA Gaming,
Cattleya Gaming,
Wildcard Gaming Black,
TSM Amateur,
Area of Effect Randoms,
OQ,
Glaive Esports Prime,
piratesports,
Hooked Esports,
AGD E-Sports,
Waia Snikt,
Team Anomaly Breaker,
Godlike Goats,
Club Deportivo Municipal,
Spectacled Bears,
Sport Boys Association,
Fantasy Gaming,
Luxor Gaming,
Team Oplon,
Elyandra Esport,
Team Mountain Drake,
Team Ocean Drake,
Team Infernal Drake,
Team Cloud Drake,
Mkers Academy,
nerdRage,
MnM Gaming Academy,
BT Excel,
Fnatic Rising,
KOVA Esports,
Riddle Esports,
Barrage,
Vitality.Bee,
Team BDS,
Nexus KTRL,
ASUS ROG ELITE,
Nordavind,
ŠAIM SE SuppUp,
Crvena zvezda Esports,
Galakticos Academy,
Galatasaray Academy,
NASR eSports Turkey Academy,
Dark Passage Academy,
İstanbul Wildcats Academy,
5 Ronin Academy,
Beşiktaş Academy,
Team AURORA Academy,
SuperMassive Academy,
Galakticos,
Galatasaray Esports,
NASR eSports Turkey,
Dark Passage,
Fenerbahçe Esports,
5 Ronin,
Beşiktaş Esports,
Team AURORA,
SuperMassive Esports,
Zero Tenacity,
Fenerbahçe Academy,
İstanbul Wildcats,
Split Raiders,
Galaxy Racer Esports EU Male,
NK Osijek Esport,
Valiance,
SuperMassive Blaze,
SuperMassive Blaze Academy,
Atletec,
Tony Parker Adequat Academy,
FC Nantes Esports,
Team MCES Academy,
Warthox,
PCS Taran,
Zephyr Esport,
1907 Fenerbahçe Esports,
Godsent,
Axolotl Academy,
Dutch Community Team,
Dynasty Academy,
Domme Jongens Academy,
Echo Zulu Domme Jongens,
mCon esports Rotterdam Academy,
Not Academy Team,
ANEW Rising,
Super Sunshine Fruit Basket Warriors,
Mirage Sport Électronique,
ANEW Blaze,
ConViction,
BLACKLIST,
Bay State College,
Wichita Wolves,
Crystal Cave Gaming Emerald,
Striking Vipers,
Peak Performance Y,
ReDefy Esports,
Mirage Élite,
Chilly Mountain Wolves,
Dawn Esports,
Peak Performance X,
Team Clarity,
Wildcard Gaming Developmental,
Sign Us Please,
ANEW Genesis,
Harrisburg University,
Redemption Arc,
Radiance,
Mercenaries,
Ping is the Problem,
Dare Black,
ConViction Moon,
Scouting4ProScene,
ConViction Sun,
Dare White,
Windstorm Gaming,
RockTribeEsports,
Vexo eSports,
Area of Effect Vice,
