,
 gunkrab,700,
 Maxim,662,
 Destiny,715,
 DVLK,679,
 iiann,595,
 Kneza,633,
 Creon,602,
 Fersito,697,
 Seeker,582,
 Stealshot,582,
 Teddy,643,
 Saju,576,
 AHaHaCiK,2631,
 Corporal,604,
 Sufon,645,
 happygame,610,
 Cruel,730,
 Edenzin,1792,
 Kazu,590,
 IceBox,581,
 yOFT,636,
 Hika,650,
 Pancake,2620,
 Carzzy,615,
 Kobbe,599,
 gunkrab,709,
 Maxim,608,
 Destiny,673,
 DVLK,782,
 iiann,600,
 Kneza,586,
 Creon,648,
 Fersito,675,
 Seeker,616,
 Stealshot,590,
 Teddy,610,
 Saju,589,
 AHaHaCiK,638,
 Corporal,828,
 Sufon,705,
 happygame,643,
 Cruel,626,
 Edenzin,652,
 Kazu,565,
 IceBox,571,
 yOFT,568,
 Hika,612,
 Pancake,2628,
 Carzzy,686,
 Kobbe,620,
 gunkrab,699,
 Maxim,610,
 Destiny,623,
 DVLK,594,
 iiann,610,
 Kneza,801,
 Creon,662,
 Fersito,702,
 Seeker,634,
 Stealshot,593,
 Teddy,584,
 Saju,614,
 AHaHaCiK,582,
 Corporal,587,
 Sufon,652,
 happygame,830,
 Cruel,636,
 Edenzin,616,
 Kazu,689,
 IceBox,598,
 yOFT,639,
 Hika,668,
 Pancake,928,
 Carzzy,600,
 Kobbe,574,
 gunkrab,663,
 Maxim,611,
 Destiny,623,
 DVLK,684,
 iiann,2915,
 Kneza,513,
 Creon,572,
 Fersito,557,
 Seeker,532,
 Stealshot,536,
 Teddy,551,
 Saju,538,
 AHaHaCiK,539,
 Corporal,507,
 Sufon,586,
 happygame,523,
 Cruel,831,
 Edenzin,519,
 Kazu,720,
 IceBox,534,
 yOFT,528,
 Hika,540,
 Pancake,572,
 Carzzy,533,
 Kobbe,513,
 gunkrab,521,
 Maxim,496,
 Destiny,510,
 DVLK,512,
 iiann,524,
 Kneza,695,
 Creon,582,
 Fersito,536,
 Seeker,563,
 Stealshot,538,
 Teddy,527,
 Saju,501,
 AHaHaCiK,522,
 Corporal,586,
 Sufon,611,
 happygame,582,
 Cruel,592,
 Edenzin,602,
 Kazu,607,
 IceBox,720,
 yOFT,717,
 Hika,599,
 Pancake,601,
 Carzzy,595,
 Kobbe,631,
 gunkrab,586,
 Maxim,584,
 Destiny,953,
 DVLK,588,
 iiann,654,
 Kneza,602,
 Creon,604,
 Fersito,593,
 Seeker,670,
 Stealshot,673,
 Teddy,586,
 Saju,634,
 AHaHaCiK,603,
 Corporal,664,
 Sufon,626,
 happygame,600,
 Cruel,674,
 Edenzin,2646,
 Kazu,589,
 IceBox,582,
 yOFT,729,
 Hika,646,
 Pancake,660,
 Carzzy,608,
 Kobbe,582,
 gunkrab,597,
 Maxim,586,
 Destiny,704,
 DVLK,679,
 iiann,621,
 Kneza,604,
 Creon,2617,
 Fersito,598,
 Seeker,583,
 Stealshot,591,
 Teddy,732,
 Saju,642,
 AHaHaCiK,671,
 Corporal,645,
 Sufon,595,
 happygame,603,
 Cruel,632,
 Edenzin,582,
 Kazu,605,
 IceBox,620,
 yOFT,878,
 Hika,582,
 Pancake,681,
 Carzzy,683,
 Kobbe,596,
 gunkrab,619,
 Maxim,647,
 Destiny,595,
 DVLK,584,
 iiann,579,
 Kneza,629,
 Creon,812,
 Fersito,584,
 Seeker,740,
 Stealshot,621,
 Teddy,670,
 Saju,571,
 AHaHaCiK,601,
 Corporal,611,
 Sufon,577,
 happygame,710,
 Cruel,829,
 Edenzin,599,
 Kazu,680,
 IceBox,660,
 yOFT,624,
 Hika,656,
 Pancake,684,
 Carzzy,589,
 Kobbe,651,
 gunkrab,811,
 Maxim,596,
 Destiny,618,
 DVLK,662,
 iiann,775,
 Kneza,601,
 Creon,593,
 Fersito,600,
 Seeker,588,
 Stealshot,638,
 Teddy,599,
 Saju,695,
 AHaHaCiK,626,
 Corporal,649,
 Sufon,637,
 happygame,571,
 Cruel,576,
 Edenzin,590,
 Kazu,714,
 IceBox,659,
 yOFT,598,
 Hika,592,
 Pancake,617,
 Carzzy,623,
 Kobbe,666,
 gunkrab,648,
 Maxim,663,
 Destiny,602,
 DVLK,599,
 iiann,623,
 Kneza,589,
 Creon,650,
 Fersito,645,
 Seeker,666,
 Stealshot,719,
 Teddy,600,
 Saju,594,
 AHaHaCiK,583,
 Corporal,649,
 Sufon,590,
 happygame,663,
 Cruel,796,
 Edenzin,588,
 Kazu,655,
 IceBox,611,
 yOFT,816,
 Hika,593,
 Pancake,615,
 Carzzy,688,
 Kobbe,595,
 gunkrab,577,
 Maxim,667,
 Destiny,656,
 DVLK,627,
 iiann,697,
 Kneza,623,
 Creon,583,
 Fersito,657,
 Seeker,572,
 Stealshot,586,
 Teddy,591,
 Saju,675,
 AHaHaCiK,843,
 Corporal,592,
 Sufon,668,
 happygame,590,
 Cruel,587,
 Edenzin,638,
 Kazu,709,
 IceBox,594,
 yOFT,605,
 Hika,574,
 Pancake,653,
 Carzzy,635,
 Kobbe,604,
 gunkrab,683,
 Maxim,644,
 Destiny,598,
 DVLK,589,
 iiann,596,
 Kneza,584,
 Creon,654,
 Fersito,687,
 Seeker,684,
 Stealshot,602,
 Teddy,603,
 Saju,2596,
 AHaHaCiK,620,
 Corporal,577,
 Sufon,712,
 happygame,613,
 Cruel,602,
 Edenzin,624,
 Kazu,738,
 IceBox,578,
 yOFT,642,
 Hika,2694,
 Pancake,622,
 Carzzy,614,
 Kobbe,690,
 gunkrab,606,
 Maxim,1649,
 Destiny,628,
 DVLK,582,
 iiann,592,
 Kneza,664,
 Creon,593,
 Fersito,607,
 Seeker,666,
 Stealshot,731,
 Teddy,662,
 Saju,585,
 AHaHaCiK,609,
 Corporal,570,
 Sufon,569,
 happygame,628,
 Cruel,598,
 Edenzin,658,
 Kazu,601,
 IceBox,677,
 yOFT,593,
 Hika,596,
 Pancake,596,
 Carzzy,616,
 Kobbe,707,
 gunkrab,610,
 Maxim,599,
 Destiny,624,
 DVLK,622,
 iiann,664,
 Kneza,628,
 Creon,699,
 Fersito,611,
 Seeker,646,
 Stealshot,590,
 Teddy,584,
 Saju,757,
 AHaHaCiK,599,
 Corporal,777,
 Sufon,951,
 happygame,872,
 Cruel,589,
 Edenzin,612,
 Kazu,583,
 IceBox,677,
 yOFT,655,
 Hika,602,
 Pancake,671,
 Carzzy,680,
 Kobbe,592,
 gunkrab,591,
 Maxim,636,
 Destiny,663,
 DVLK,592,
 iiann,669,
 Kneza,763,
 Creon,669,
 Fersito,608,
 Seeker,733,
 Stealshot,618,
 Teddy,588,
 Saju,633,
 AHaHaCiK,594,
 Corporal,595,
 Sufon,579,
 happygame,916,
 Cruel,649,
 Edenzin,614,
 Kazu,624,
 IceBox,641,
 yOFT,605,
 Hika,584,
 Pancake,670,
 Carzzy,602,
 Kobbe,588,
 gunkrab,641,
 Maxim,608,
 Destiny,602,
 DVLK,615,
 iiann,698,
 Kneza,657,
 Creon,578,
 Fersito,595,
 Seeker,580,
 Stealshot,586,
 Teddy,2610,
 Saju,638,
 AHaHaCiK,602,
 Corporal,598,
 Sufon,624,
 happygame,646,
 Cruel,582,
 Edenzin,608,
 Kazu,653,
 IceBox,665,
 yOFT,597,
 Hika,613,
 Pancake,709,
 Carzzy,619,
 Kobbe,2590,
 gunkrab,659,
 Maxim,617,
 Destiny,632,
 DVLK,633,
 iiann,947,
 Kneza,618,
 Creon,593,
 Fersito,608,
 Seeker,653,
 Stealshot,944,
 Teddy,838,
 Saju,603,
 AHaHaCiK,654,
 Corporal,610,
 Sufon,2617,
 happygame,620,
 Cruel,809,
 Edenzin,612,
 Kazu,670,
 IceBox,684,
 yOFT,614,
 Hika,599,
 Pancake,592,
 Carzzy,599,
 Kobbe,630,
 gunkrab,593,
 Maxim,611,
 Destiny,603,
 DVLK,642,
 iiann,683,
 Kneza,744,
 Creon,606,
 Fersito,611,
 Seeker,744,
 Stealshot,612,
 Teddy,596,
 Saju,602,
 AHaHaCiK,815,
 Corporal,656,
 Sufon,741,
 happygame,704,
 Cruel,589,
 Edenzin,604,
 Kazu,624,
 IceBox,568,
 yOFT,592,
 Hika,570,
 Pancake,747,
 Carzzy,693,
 Kobbe,677,
 gunkrab,610,
 Maxim,591,
 Destiny,600,
 DVLK,659,
 iiann,686,
 Kneza,618,
 Creon,583,
 Fersito,615,
 Seeker,645,
 Stealshot,585,
 Teddy,606,
 Saju,629,
 AHaHaCiK,657,
 Corporal,616,
 Sufon,909,
 happygame,575,
 Cruel,581,
 Edenzin,645,
 Kazu,707,
 IceBox,610,
 yOFT,615,
 Hika,578,
 Pancake,657,
 Carzzy,597,
 Kobbe,570,
 gunkrab,688,
 Maxim,607,
 Destiny,1655,
 DVLK,602,
 iiann,593,
 Kneza,605,
 Creon,660,
 Fersito,2550,
 Seeker,532,
 Stealshot,522,
 Teddy,583,
 Saju,573,
 AHaHaCiK,583,
 Corporal,509,
 Sufon,506,
 happygame,503,
 Cruel,506,
 Edenzin,507,
 Kazu,643,
 IceBox,584,
 yOFT,793,
 Hika,515,
 Pancake,530,
 Carzzy,540,
 Kobbe,516,
 gunkrab,529,
 Maxim,578,
 Destiny,604,
 DVLK,517,
 iiann,509,
 Kneza,519,
 Creon,713,
 Fersito,525,
 Seeker,523,
 Stealshot,595,
 Teddy,882,
 Saju,525,
 AHaHaCiK,521,
 Corporal,508,
 Sufon,511,
 happygame,520,
 Cruel,512,
 Edenzin,762,
 Kazu,574,
 IceBox,542,
 yOFT,585,
 Hika,568,
 Pancake,518,
 Carzzy,520,
 Kobbe,534,
 gunkrab,572,
 Maxim,528,
 Destiny,571,
 DVLK,549,
 iiann,540,
 Kneza,519,
 Creon,535,
 Fersito,566,
 Seeker,649,
 Stealshot,562,
 Teddy,589,
 Saju,525,
 AHaHaCiK,854,
 Corporal,518,
 Sufon,498,
 happygame,537,
 Cruel,558,
 Edenzin,530,
 Kazu,602,
 IceBox,534,
 yOFT,512,
 Hika,514,
 Pancake,516,
 Carzzy,515,
 Kobbe,527,
 gunkrab,620,
 Maxim,516,
 Destiny,772,
 DVLK,526,
 iiann,515,
 Kneza,537,
 Creon,537,
 Fersito,524,
 Seeker,572,
 Stealshot,516,
 Teddy,518,
 Saju,520,
 AHaHaCiK,511,
 Corporal,518,
 Sufon,548,
 happygame,518,
 Cruel,528,
 Edenzin,716,
 Kazu,635,
 IceBox,587,
 yOFT,605,
 Hika,588,
 Pancake,638,
 Carzzy,610,
 Kobbe,975,
 gunkrab,603,
 Maxim,599,
 Destiny,677,
 DVLK,600,
 iiann,614,
 Kneza,596,
 Creon,667,
 Fersito,640,
 Seeker,623,
 Stealshot,777,
 Teddy,625,
 Saju,590,
 AHaHaCiK,678,
 Corporal,708,
 Sufon,604,
 happygame,593,
 Cruel,585,
 Edenzin,2607,
 Kazu,614,
 IceBox,663,
 yOFT,644,
 Hika,698,
 Pancake,659,
 Carzzy,674,
 Kobbe,602,
 gunkrab,594,
 Maxim,837,
 Destiny,647,
 DVLK,607,
 iiann,687,
 Kneza,715,
 Creon,590,
 Fersito,634,
 Seeker,600,
 Stealshot,602,
 Teddy,581,
 Saju,796,
 AHaHaCiK,692,
 Corporal,622,
 Sufon,604,
 happygame,604,
 Cruel,658,
 Edenzin,587,
 Kazu,580,
 IceBox,615,
 yOFT,700,
 Hika,795,
 Pancake,635,
 Carzzy,611,
 Kobbe,650,
 gunkrab,597,
 Maxim,735,
 Destiny,602,
 DVLK,594,
 iiann,603,
 Kneza,600,
 Creon,772,
 Fersito,598,
 Seeker,667,
 Stealshot,667,
 Teddy,683,
 Saju,601,
 AHaHaCiK,612,
 Corporal,584,
 Sufon,572,
 happygame,751,
 Cruel,835,
 Edenzin,594,
 Kazu,616,
 IceBox,639,
 yOFT,646,
 Hika,593,
 Pancake,639,
 Carzzy,597,
 Kobbe,591,
 gunkrab,666,
 Maxim,580,
 Destiny,619,
 DVLK,582,
 iiann,2635,
 Kneza,606,
 Creon,586,
 Fersito,577,
 Seeker,613,
 Stealshot,660,
 Teddy,604,
 Saju,610,
 AHaHaCiK,607,
 Corporal,587,
 Sufon,657,
 happygame,686,
 Cruel,588,
 Edenzin,573,
 Kazu,584,
 IceBox,1665,
 yOFT,788,
 Hika,608,
 Pancake,614,
 Carzzy,594,
 Kobbe,2676,
 gunkrab,613,
 Maxim,585,
 Destiny,674,
 DVLK,606,
 iiann,644,
 Kneza,590,
 Creon,634,
 Fersito,588,
 Seeker,578,
 Stealshot,2606,
 Teddy,659,
 Saju,575,
 AHaHaCiK,601,
 Corporal,620,
 Sufon,590,
 happygame,587,
 Cruel,762,
 Edenzin,679,
 Kazu,669,
 IceBox,642,
 yOFT,606,
 Hika,606,
 Pancake,602,
 Carzzy,660,
 Kobbe,673,
 gunkrab,606,
 Maxim,773,
 Destiny,603,
 DVLK,629,
 iiann,657,
 Kneza,604,
 Creon,664,
 Fersito,856,
 Seeker,596,
 Stealshot,581,
 Teddy,584,
 Saju,634,
 AHaHaCiK,676,
 Corporal,693,
 Sufon,706,
 happygame,651,
 Cruel,2579,
 Edenzin,626,
 Kazu,645,
 IceBox,614,
 yOFT,627,
 Hika,662,
 Pancake,609,
 Carzzy,602,
 Kobbe,702,
 gunkrab,616,
 Maxim,690,
 Destiny,620,
 DVLK,643,
 iiann,627,
 Kneza,627,
 Creon,838,
 Fersito,618,
 Seeker,626,
 Stealshot,601,
 Teddy,600,
 Saju,628,
 AHaHaCiK,593,
 Corporal,876,
 Sufon,588,
 happygame,702,
 Cruel,661,
 Edenzin,631,
 Kazu,626,
 IceBox,605,
 yOFT,683,
 Hika,615,
 Pancake,626,
 Carzzy,635,
 Kobbe,634,
 gunkrab,688,
 Maxim,700,
 Destiny,654,
 DVLK,600,
 iiann,902,
 Kneza,592,
 Creon,620,
 Fersito,599,
 Seeker,756,
 Stealshot,685,
 Teddy,637,
 Saju,632,
 AHaHaCiK,613,
 Corporal,589,
 Sufon,2623,
 happygame,675,
 Cruel,673,
 Edenzin,622,
 Kazu,754,
 IceBox,678,
 yOFT,630,
 Hika,615,
 Pancake,631,
 Carzzy,686,
 Kobbe,602,
 gunkrab,773,
 Maxim,610,
 Destiny,640,
 DVLK,700,
 iiann,620,
 Kneza,607,
 Creon,611,
 Fersito,699,
 Seeker,669,
 Stealshot,613,
 Teddy,682,
 Saju,633,
 AHaHaCiK,687,
 Corporal,680,
 Sufon,663,
 happygame,581,
 Cruel,588,
 Edenzin,667,
 Kazu,615,
 IceBox,596,
 yOFT,852,
 Hika,702,
 Pancake,669,
 Carzzy,912,
 Kobbe,598,
 gunkrab,604,
 Maxim,656,
 Destiny,675,
 DVLK,649,
 iiann,605,
 Kneza,617,
 Creon,669,
 Fersito,937,
 Seeker,614,
 Stealshot,675,
 Teddy,609,
 Saju,703,
 AHaHaCiK,635,
 Corporal,613,
 Sufon,703,
 happygame,660,
 Cruel,713,
 Edenzin,638,
 Kazu,643,
 IceBox,599,
 yOFT,671,
 Hika,902,
 Pancake,701,
 Carzzy,622,
 Kobbe,630,
 gunkrab,660,
 Maxim,615,
 Destiny,626,
 DVLK,607,
 iiann,735,
 Kneza,615,
 Creon,632,
 Fersito,630,
 Seeker,616,
 Stealshot,662,
 Teddy,638,
 Saju,734,
 AHaHaCiK,658,
 Corporal,612,
 Sufon,673,
 happygame,608,
 Cruel,674,
 Edenzin,620,
 Kazu,2688,
 IceBox,605,
 yOFT,572,
 Hika,553,
 Pancake,571,
 Carzzy,558,
 Kobbe,610,
 gunkrab,551,
 Maxim,592,
 Destiny,602,
 DVLK,576,
 iiann,626,
 Kneza,673,
 Creon,667,
 Fersito,605,
 Seeker,666,
 Stealshot,634,
 Teddy,631,
 Saju,566,
 AHaHaCiK,864,
 Corporal,542,
 Sufon,544,
 happygame,534,
 Cruel,553,
 Edenzin,539,
 Kazu,531,
 IceBox,554,
 yOFT,558,
 Hika,578,
 Pancake,534,
 Carzzy,542,
 Kobbe,678,
 gunkrab,528,
 Maxim,532,
 Destiny,571,
 DVLK,604,
 iiann,622,
 Kneza,539,
 Creon,522,
 Fersito,525,
 Seeker,528,
 Stealshot,520,
 Teddy,520,
 Saju,804,
 AHaHaCiK,556,
 Corporal,546,
 Sufon,572,
 happygame,570,
 Cruel,506,
 Edenzin,524,
 Kazu,534,
 IceBox,545,
 yOFT,627,
 Hika,667,
 Pancake,557,
 Carzzy,781,
 Kobbe,550,
 gunkrab,563,
 Maxim,561,
 Destiny,666,
 DVLK,560,
 iiann,549,
 Kneza,534,
 Creon,527,
 Fersito,532,
 Seeker,536,
 Stealshot,653,
 Teddy,668,
 Saju,628,
 AHaHaCiK,597,
 Corporal,554,
 Sufon,543,
 happygame,537,
 Cruel,506,
 Edenzin,510,
 Kazu,587,
 IceBox,609,
 yOFT,756,
 Hika,539,
 Pancake,538,
 Carzzy,688,
 Kobbe,606,
 gunkrab,608,
 Maxim,747,
 Destiny,618,
 DVLK,695,
 iiann,598,
 Kneza,844,
 Creon,608,
 Fersito,773,
 Seeker,670,
 Stealshot,607,
 Teddy,599,
 Saju,607,
 AHaHaCiK,693,
 Corporal,991,
 Sufon,881,
 happygame,637,
 Cruel,649,
 Edenzin,758,
 Kazu,632,
 IceBox,628,
 yOFT,705,
 Hika,642,
 Pancake,760,
 Carzzy,638,
 Kobbe,677,
 gunkrab,613,
 Maxim,964,
 Destiny,777,
 DVLK,624,
 iiann,693,
 Kneza,661,
 Creon,641,
 Fersito,785,
 Seeker,747,
 Stealshot,663,
 Teddy,651,
 Saju,644,
 AHaHaCiK,633,
 Corporal,784,
 Sufon,705,
 happygame,678,
 Cruel,635,
 Edenzin,753,
 Kazu,624,
 IceBox,683,
 yOFT,671,
 Hika,757,
 Pancake,728,
 Carzzy,634,
 Kobbe,622,
 gunkrab,620,
 Maxim,591,
 Destiny,770,
 DVLK,694,
 iiann,624,
 Kneza,646,
 Creon,666,
 Fersito,715,
 Seeker,608,
 Stealshot,606,
 Teddy,668,
 Saju,594,
 AHaHaCiK,892,
 Corporal,602,
 Sufon,615,
 happygame,686,
 Cruel,646,
 Edenzin,689,
 Kazu,606,
 IceBox,597,
 yOFT,592,
 Hika,616,
 Pancake,902,
 Carzzy,621,
 Kobbe,692,
 gunkrab,646,
 Maxim,600,
 Destiny,2630,
 DVLK,647,
 iiann,648,
 Kneza,627,
 Creon,619,
 Fersito,734,
 Seeker,604,
 Stealshot,590,
 Teddy,683,
 Saju,585,
 AHaHaCiK,682,
 Corporal,592,
 Sufon,723,
 happygame,598,
 Cruel,634,
 Edenzin,771,
 Kazu,636,
 IceBox,617,
 yOFT,597,
 Hika,601,
 Pancake,660,
 Carzzy,617,
 Kobbe,827,
 gunkrab,610,
 Maxim,632,
 Destiny,688,
 DVLK,599,
 iiann,606,
 Kneza,620,
 Creon,694,
 Fersito,663,
 Seeker,603,
 Stealshot,730,
 Teddy,606,
 Saju,627,
 AHaHaCiK,640,
 Corporal,685,
 Sufon,618,
 happygame,582,
 Cruel,644,
 Edenzin,599,
 Kazu,606,
 IceBox,761,
 yOFT,676,
 Hika,639,
 Pancake,635,
 Carzzy,650,
 Kobbe,621,
 gunkrab,613,
 Maxim,677,
 Destiny,707,
 DVLK,598,
 iiann,676,
 Kneza,631,
 Creon,683,
 Fersito,663,
 Seeker,648,
 Stealshot,672,
 Teddy,663,
 Saju,598,
 AHaHaCiK,628,
 Corporal,589,
 Sufon,743,
 happygame,687,
 Cruel,667,
 Edenzin,656,
 Kazu,606,
 IceBox,602,
 yOFT,659,
 Hika,592,
 Pancake,617,
 Carzzy,697,
 Kobbe,612,
 gunkrab,1741,
 Maxim,645,
 Destiny,662,
 DVLK,660,
 iiann,2625,
 Kneza,628,
 Creon,647,
 Fersito,735,
 Seeker,611,
 Stealshot,667,
 Teddy,613,
 Saju,613,
 AHaHaCiK,636,
 Corporal,615,
 Sufon,833,
 happygame,608,
 Cruel,636,
 Edenzin,689,
 Kazu,633,
 IceBox,645,
 yOFT,627,
 Hika,661,
 Pancake,599,
 Carzzy,624,
 Kobbe,845,
 gunkrab,609,
 Maxim,620,
 Destiny,710,
 DVLK,687,
 iiann,660,
 Kneza,614,
 Creon,585,
 Fersito,599,
 Seeker,605,
 Stealshot,840,
 Teddy,676,
 Saju,676,
 AHaHaCiK,653,
 Corporal,606,
 Sufon,636,
 happygame,592,
 Cruel,583,
 Edenzin,681,
 Kazu,623,
 IceBox,762,
 yOFT,655,
 Hika,612,
 Pancake,710,
 Carzzy,653,
 Kobbe,690,
 gunkrab,617,
 Maxim,623,
 Destiny,615,
 DVLK,623,
 iiann,786,
 Kneza,627,
 Creon,702,
 Fersito,700,
 Seeker,612,
 Stealshot,649,
 Teddy,595,
 Saju,597,
 AHaHaCiK,613,
 Corporal,695,
 Sufon,1033,
 happygame,624,
 Cruel,593,
 Edenzin,631,
 Kazu,609,
 IceBox,695,
 yOFT,675,
 Hika,633,
 Pancake,614,
 Carzzy,602,
 Kobbe,657,
 gunkrab,620,
 Maxim,595,
 Destiny,731,
 DVLK,673,
 iiann,626,
 Kneza,615,
 Creon,603,
 Fersito,612,
 Seeker,859,
 Stealshot,731,
 Teddy,931,
 Saju,661,
 AHaHaCiK,672,
 Corporal,699,
 Sufon,597,
 happygame,651,
 Cruel,600,
 Edenzin,608,
 Kazu,629,
 IceBox,823,
 yOFT,590,
 Hika,688,
 Pancake,760,
 Carzzy,2649,
 Kobbe,603,
 gunkrab,625,
 Maxim,643,
 Destiny,605,
 DVLK,644,
 iiann,664,
 Kneza,594,
 Creon,593,
 Fersito,621,
 Seeker,710,
 Stealshot,622,
 Teddy,801,
 Saju,606,
 AHaHaCiK,646,
 Corporal,689,
 Sufon,628,
 happygame,641,
 Cruel,594,
 Edenzin,601,
 Kazu,601,
 IceBox,607,
 yOFT,915,
 Hika,643,
 Pancake,673,
 Carzzy,638,
 Kobbe,965,
 gunkrab,588,
 Maxim,626,
 Destiny,603,
 DVLK,673,
 iiann,710,
 Kneza,807,
 Creon,599,
 Fersito,640,
 Seeker,608,
 Stealshot,667,
 Teddy,709,
 Saju,635,
 AHaHaCiK,615,
 Corporal,579,
 Sufon,2617,
 happygame,609,
 Cruel,571,
 Edenzin,597,
 Kazu,577,
 IceBox,659,
 yOFT,575,
 Hika,900,
 Pancake,593,
 Carzzy,610,
 Kobbe,719,
 gunkrab,606,
 Maxim,584,
 Destiny,578,
 DVLK,642,
 iiann,586,
 Kneza,675,
 Creon,574,
 Fersito,628,
 Seeker,600,
 Stealshot,597,
 Teddy,1700,
 Saju,586,
 AHaHaCiK,615,
 Corporal,598,
 Sufon,746,
 happygame,836,
 Cruel,615,
 Edenzin,579,
 Kazu,641,
 IceBox,599,
 yOFT,700,
 Hika,595,
 Pancake,757,
 Carzzy,616,
 Kobbe,604,
 gunkrab,863,
 Maxim,654,
 Destiny,623,
 DVLK,730,
 iiann,705,
 Kneza,773,
 Creon,597,
 Fersito,622,
 Seeker,607,
 Stealshot,602,
 Teddy,1887,
 Saju,641,
 AHaHaCiK,940,
 Corporal,608,
 Sufon,678,
 happygame,715,
 Cruel,622,
 Edenzin,591,
 Kazu,626,
 IceBox,598,
 yOFT,752,
 Hika,631,
 Pancake,720,
 Carzzy,626,
 Kobbe,2571,
 gunkrab,658,
 Maxim,719,
 Destiny,647,
 DVLK,687,
 iiann,597,
 Kneza,695,
 Creon,603,
 Fersito,632,
 Seeker,727,
 Stealshot,859,
 Teddy,714,
 Saju,601,
 AHaHaCiK,681,
 Corporal,633,
 Sufon,637,
 happygame,746,
 Cruel,590,
 Edenzin,610,
 Kazu,603,
 IceBox,639,
 yOFT,718,
 Hika,620,
 Pancake,650,
 Carzzy,626,
 Kobbe,611,
 gunkrab,720,
 Maxim,594,
 Destiny,620,
 DVLK,625,
 iiann,753,
 Kneza,750,
 Creon,644,
 Fersito,620,
 Seeker,621,
 Stealshot,606,
 Teddy,762,
 Saju,614,
 AHaHaCiK,624,
 Corporal,631,
 Sufon,613,
 happygame,708,
 Cruel,591,
 Edenzin,778,
 Kazu,627,
 IceBox,619,
 yOFT,748,
 Hika,626,
 Pancake,624,
 Carzzy,688,
 Kobbe,656,
 gunkrab,767,
 Maxim,665,
 Destiny,625,
 DVLK,595,
 iiann,623,
 Kneza,823,
 Creon,623,
 Fersito,610,
 Seeker,618,
 Stealshot,834,
 Teddy,733,
 Saju,609,
 AHaHaCiK,722,
 Corporal,631,
 Sufon,903,
 happygame,610,
 Cruel,673,
 Edenzin,615,
 Kazu,635,
 IceBox,910,
 yOFT,769,
 Hika,648,
 Pancake,608,
 Carzzy,592,
 Kobbe,613,
 gunkrab,701,
 Maxim,639,
 Destiny,621,
 DVLK,651,
 iiann,632,
 Kneza,652,
 Creon,647,
 Fersito,705,
 Seeker,629,
 Stealshot,614,
 Teddy,660,
 Saju,848,
 AHaHaCiK,616,
 Corporal,658,
 Sufon,728,
 happygame,699,
 Cruel,629,
 Edenzin,615,
 Kazu,623,
 IceBox,607,
 yOFT,671,
 Hika,691,
 Pancake,894,
 Carzzy,636,
 Kobbe,622,
 gunkrab,699,
 Maxim,588,
 Destiny,742,
 DVLK,609,
 iiann,614,
 Kneza,604,
 Creon,657,
 Fersito,612,
 Seeker,593,
 Stealshot,724,
 Teddy,626,
 Saju,832,
 AHaHaCiK,643,
 Corporal,604,
 Sufon,600,
 happygame,607,
 Cruel,2564,
 Edenzin,623,
 Kazu,647,
 IceBox,599,
 yOFT,644,
 Hika,650,
 Pancake,624,
 Carzzy,638,
 Kobbe,610,
 gunkrab,2600,
 Maxim,591,
 Destiny,595,
 DVLK,599,
 iiann,618,
 Kneza,618,
 Creon,680,
 Fersito,596,
 Seeker,639,
 Stealshot,602,
 Teddy,662,
 Saju,2524,
 AHaHaCiK,604,
 Corporal,615,
 Sufon,654,
 happygame,828,
 Cruel,742,
 Edenzin,668,
 Kazu,633,
 IceBox,610,
 yOFT,668,
 Hika,697,
 Pancake,622,
 Carzzy,659,
 Kobbe,670,
 gunkrab,610,
 Maxim,688,
 Destiny,669,
 DVLK,630,
 iiann,604,
 Kneza,697,
 Creon,656,
 Fersito,608,
 Seeker,617,
 Stealshot,695,
 Teddy,625,
 Saju,674,
 AHaHaCiK,737,
 Corporal,632,
 Sufon,650,
 happygame,600,
 Cruel,1650,
 Edenzin,669,
 Kazu,805,
 IceBox,608,
 yOFT,627,
 Hika,633,
 Pancake,611,
 Carzzy,641,
 Kobbe,713,
 gunkrab,610,
 Maxim,649,
 Destiny,618,
 DVLK,622,
 iiann,631,
 Kneza,674,
 Creon,841,
 Fersito,629,
 Seeker,630,
 Stealshot,605,
 Teddy,595,
 Saju,617,
 AHaHaCiK,616,
 Corporal,709,
 Sufon,631,
 happygame,622,
 Cruel,714,
 Edenzin,624,
 Kazu,642,
 IceBox,590,
 yOFT,632,
 Hika,671,
 Pancake,621,
 Carzzy,665,
 Kobbe,907,
 gunkrab,631,
 Maxim,656,
 Destiny,2650,
 DVLK,645,
 iiann,627,
 Kneza,637,
 Creon,662,
 Fersito,733,
 Seeker,711,
 Stealshot,631,
 Teddy,633,
 Saju,644,
 AHaHaCiK,746,
 Corporal,619,
 Sufon,641,
 happygame,651,
 Cruel,623,
 Edenzin,700,
 Kazu,674,
 IceBox,697,
 yOFT,624,
 Hika,627,
 Pancake,734,
 Carzzy,659,
 Kobbe,615,
 gunkrab,657,
 Maxim,734,
 Destiny,761,
 DVLK,615,
 iiann,633,
 Kneza,629,
 Creon,623,
 Fersito,761,
 Seeker,706,
 Stealshot,775,
 Teddy,616,
 Saju,625,
 AHaHaCiK,609,
 Corporal,697,
 Sufon,584,
 happygame,643,
 Cruel,582,
 Edenzin,619,
 Kazu,958,
 IceBox,616,
 yOFT,609,
 Hika,815,
 Pancake,641,
 Carzzy,715,
 Kobbe,612,
 gunkrab,726,
 Maxim,649,
 Destiny,623,
 DVLK,803,
 iiann,654,
 Kneza,664,
 Creon,656,
 Fersito,614,
 Seeker,1762,
 Stealshot,916,
 Teddy,644,
 Saju,613,
 AHaHaCiK,691,
 Corporal,869,
 Sufon,674,
 happygame,606,
 Cruel,596,
 Edenzin,596,
 Kazu,2656,
 IceBox,623,
 yOFT,677,
 Hika,652,
 Pancake,885,
 Carzzy,755,
 Kobbe,684,
 gunkrab,639,
 Maxim,603,
 Destiny,703,
 DVLK,630,
 iiann,727,
 Kneza,645,
 Creon,653,
 Fersito,599,
 Seeker,596,
 Stealshot,2585,
 Teddy,672,
 Saju,590,
 AHaHaCiK,660,
 Corporal,687,
 Sufon,1722,
 happygame,587,
 Cruel,597,
 Edenzin,578,
 Kazu,610,
 IceBox,1728,
 yOFT,594,
 Hika,621,
 Pancake,607,
 Carzzy,595,
 Kobbe,1736,
 gunkrab,619,
 Maxim,616,
 Destiny,686,
 DVLK,580,
 iiann,717,
 Kneza,590,
 Creon,594,
 Fersito,576,
 Seeker,589,
 Stealshot,729,
 Teddy,613,
 Saju,593,
 AHaHaCiK,675,
 Corporal,664,
 Sufon,729,
 happygame,630,
 Cruel,693,
 Edenzin,584,
 Kazu,640,
 IceBox,709,
 yOFT,602,
 Hika,627,
 Pancake,667,
 Carzzy,711,
 Kobbe,715,
 gunkrab,607,
 Maxim,603,
 Destiny,618,
 DVLK,597,
 iiann,755,
 Kneza,697,
 Creon,609,
 Fersito,618,
 Seeker,674,
 Stealshot,701,
 Teddy,625,
 Saju,600,
 AHaHaCiK,676,
 Corporal,601,
 Sufon,746,
 happygame,596,
 Cruel,616,
 Edenzin,605,
 Kazu,642,
 IceBox,743,
 yOFT,603,
 Hika,633,
 Pancake,647,
 Carzzy,620,
 Kobbe,713,
 gunkrab,629,
 Maxim,697,
 Destiny,668,
 DVLK,663,
 iiann,774,
 Kneza,600,
 Creon,602,
 Fersito,614,
 Seeker,623,
 Stealshot,735,
 Teddy,621,
 Saju,607,
 AHaHaCiK,619,
 Corporal,604,
 Sufon,780,
 happygame,635,
 Cruel,632,
 Edenzin,614,
 Kazu,593,
 IceBox,1812,
 yOFT,613,
 Hika,722,
 Pancake,665,
 Carzzy,691,
 Kobbe,878,
 gunkrab,694,
 Maxim,602,
 Destiny,622,
 DVLK,615,
 iiann,624,
 Kneza,604,
 Creon,637,
 Fersito,701,
 Seeker,660,
 Stealshot,591,
 Teddy,601,
 Saju,612,
 AHaHaCiK,612,
 Corporal,748,
 Sufon,672,
 happygame,626,
 Cruel,685,
 Edenzin,610,
 Kazu,649,
 IceBox,616,
 yOFT,602,
 Hika,621,
 Pancake,610,
 Carzzy,830,
 Kobbe,594,
 gunkrab,603,
 Maxim,943,
 Destiny,618,
 DVLK,664,
 iiann,630,
 Kneza,597,
 Creon,587,
 Fersito,594,
 Seeker,679,
 Stealshot,641,
 Teddy,732,
 Saju,665,
 AHaHaCiK,616,
 Corporal,2619,
 Sufon,620,
 happygame,621,
 Cruel,599,
 Edenzin,621,
 Kazu,672,
 IceBox,698,
 yOFT,658,
 Hika,618,
 Pancake,638,
 Carzzy,694,
 Kobbe,621,
 gunkrab,625,
 Maxim,617,
 Destiny,772,
 DVLK,669,
 iiann,672,
 Kneza,617,
 Creon,620,
 Fersito,622,
 Seeker,668,
 Stealshot,691,
 Teddy,627,
 Saju,640,
 AHaHaCiK,636,
 Corporal,684,
 Sufon,652,
 happygame,618,
 Cruel,652,
 Edenzin,599,
 Kazu,676,
 IceBox,613,
 yOFT,664,
 Hika,598,
 Pancake,611,
 Carzzy,1725,
 Kobbe,623,
 gunkrab,622,
 Maxim,606,
 Destiny,600,
 DVLK,2667,
 iiann,632,
 Kneza,621,
 Creon,612,
 Fersito,646,
 Seeker,678,
 Stealshot,615,
 Teddy,833,
 Saju,620,
 AHaHaCiK,912,
 Corporal,772,
 Sufon,613,
 happygame,617,
 Cruel,588,
 Edenzin,604,
 Kazu,695,
 IceBox,608,
 yOFT,669,
 Hika,672,
 Pancake,682,
 Carzzy,684,
 Kobbe,601,
 gunkrab,621,
 Maxim,601,
 Destiny,640,
 DVLK,739,
 iiann,619,
 Kneza,624,
 Creon,618,
 Fersito,638,
 Seeker,679,
 Stealshot,587,
 Teddy,685,
 Saju,612,
 AHaHaCiK,631,
 Corporal,702,
 Sufon,674,
 happygame,620,
 Cruel,601,
 Edenzin,713,
 Kazu,776,
 IceBox,613,
 yOFT,605,
 Hika,590,
 Pancake,602,
 Carzzy,680,
 Kobbe,687,
 gunkrab,741,
 Maxim,620,
 Destiny,631,
 DVLK,831,
 iiann,619,
 Kneza,648,
 Creon,604,
 Fersito,747,
 Seeker,753,
 Stealshot,616,
 Teddy,622,
 Saju,642,
 AHaHaCiK,690,
 Corporal,826,
 Sufon,661,
 happygame,577,
 Cruel,591,
 Edenzin,608,
 Kazu,1883,
 IceBox,712,
 yOFT,632,
 Hika,647,
 Pancake,626,
 Carzzy,775,
 Kobbe,658,
 gunkrab,622,
 Maxim,623,
 Destiny,599,
 DVLK,721,
 iiann,629,
 Kneza,757,
 Creon,676,
 Fersito,644,
 Seeker,699,
 Stealshot,608,
 Teddy,585,
 Saju,596,
 AHaHaCiK,723,
 Corporal,726,
 Sufon,643,
 happygame,613,
 Cruel,673,
 Edenzin,656,
 Kazu,735,
 IceBox,677,
 yOFT,619,
 Hika,613,
 Pancake,1163,
 Carzzy,627,
 Kobbe,624,
 gunkrab,772,
 Maxim,627,
 Destiny,599,
 DVLK,713,
 iiann,594,
 Kneza,618,
 Creon,632,
 Fersito,869,
 Seeker,767,
 Stealshot,676,
 Teddy,648,
 Saju,581,
 AHaHaCiK,614,
 Corporal,2610,
 Sufon,626,
 happygame,606,
 Cruel,611,
 Edenzin,713,
 Kazu,783,
 IceBox,613,
 yOFT,617,
 Hika,580,
 Pancake,624,
 Carzzy,731,
 Kobbe,680,
 gunkrab,617,
 Maxim,608,
 Destiny,645,
 DVLK,745,
 iiann,622,
 Kneza,615,
 Creon,717,
 Fersito,626,
 Seeker,2583,
 Stealshot,524,
 Teddy,586,
 Saju,580,
 AHaHaCiK,534,
 Corporal,534,
 Sufon,601,
 happygame,601,
 Cruel,594,
 Edenzin,926,
 Kazu,2582,
 IceBox,586,
 yOFT,614,
 Hika,659,
 Pancake,606,
 Carzzy,733,
 Kobbe,609,
 gunkrab,613,
 Maxim,632,
 Destiny,610,
 DVLK,716,
 iiann,621,
 Kneza,629,
 Creon,594,
 Fersito,599,
 Seeker,712,
 Stealshot,626,
 Teddy,692,
 Saju,683,
 AHaHaCiK,636,
 Corporal,747,
 Sufon,614,
 happygame,620,
 Cruel,606,
 Edenzin,639,
 Kazu,735,
 IceBox,620,
 yOFT,630,
 Hika,654,
 Pancake,643,
 Carzzy,710,
 Kobbe,608,
 gunkrab,623,
 Maxim,598,
 Destiny,586,
 DVLK,2616,
 iiann,601,
 Kneza,594,
 Creon,589,
 Fersito,591,
 Seeker,577,
 Stealshot,713,
 Teddy,702,
 Saju,605,
 AHaHaCiK,642,
 Corporal,2615,
 Sufon,588,
 happygame,576,
 Cruel,591,
 Edenzin,703,
 Kazu,645,
 IceBox,597,
 yOFT,591,
 Hika,657,
 Pancake,593,
 Carzzy,626,
 Kobbe,639,
 gunkrab,610,
 Maxim,579,
 Destiny,595,
 DVLK,873,
 iiann,690,
 Kneza,677,
 Creon,610,
 Fersito,602,
 Seeker,921,
 Stealshot,680,
 Teddy,608,
 Saju,586,
 AHaHaCiK,613,
 Corporal,898,
 Sufon,759,
 happygame,605,
 Cruel,707,
 Edenzin,639,
 Kazu,2709,
 IceBox,700,
 yOFT,646,
 Hika,684,
 Pancake,615,
 Carzzy,661,
 Kobbe,582,
 gunkrab,596,
 Maxim,853,
 Destiny,800,
 DVLK,644,
 iiann,609,
 Kneza,604,
 Creon,610,
 Fersito,616,
 Seeker,666,
 Stealshot,606,
 Teddy,592,
 Saju,610,
 AHaHaCiK,617,
 Corporal,815,
 Sufon,637,
 happygame,729,
 Cruel,684,
 Edenzin,603,
 Kazu,653,
 IceBox,617,
 yOFT,607,
 Hika,618,
 Pancake,682,
 Carzzy,740,
 Kobbe,600,
 gunkrab,617,
 Maxim,683,
 Destiny,622,
 DVLK,743,
 iiann,599,
 Kneza,600,
 Creon,581,
 Fersito,638,
 Seeker,685,
 Stealshot,633,
 Teddy,724,
 Saju,649,
 AHaHaCiK,755,
 Corporal,1718,
 Sufon,626,
 happygame,647,
 Cruel,837,
 Edenzin,653,
 Kazu,673,
 IceBox,690,
 yOFT,602,
 Hika,685,
 Pancake,600,
 Carzzy,665,
 Kobbe,602,
 gunkrab,608,
 Maxim,751,
 Destiny,623,
 DVLK,1687,
 iiann,593,
 Kneza,590,
 Creon,610,
 Fersito,622,
 Seeker,765,
 Stealshot,820,
 Teddy,606,
 Saju,624,
 AHaHaCiK,698,
 Corporal,667,
 Sufon,626,
 happygame,639,
 Cruel,583,
 Edenzin,585,
 Kazu,637,
 IceBox,623,
 yOFT,825,
 Hika,601,
 Pancake,730,
 Carzzy,687,
 Kobbe,587,
 gunkrab,596,
 Maxim,587,
 Destiny,588,
 DVLK,627,
 iiann,626,
 Kneza,646,
 Creon,604,
 Fersito,600,
 Seeker,717,
 Stealshot,612,
 Teddy,627,
 Saju,603,
 AHaHaCiK,661,
 Corporal,2501,
 Sufon,1161,
 happygame,750,
 Cruel,602,
 Edenzin,676,
 Kazu,613,
 IceBox,652,
 yOFT,614,
 Hika,617,
 Pancake,716,
 Carzzy,636,
 Kobbe,620,
 gunkrab,612,
 Maxim,599,
 Destiny,717,
 DVLK,668,
 iiann,709,
 Kneza,627,
 Creon,680,
 Fersito,702,
 Seeker,638,
 Stealshot,659,
 Teddy,638,
 Saju,614,
 AHaHaCiK,658,
 Corporal,615,
 Sufon,897,
 happygame,600,
 Cruel,606,
 Edenzin,956,
 Kazu,669,
 IceBox,610,
 yOFT,587,
 Hika,597,
 Pancake,655,
 Carzzy,616,
 Kobbe,649,
 gunkrab,589,
 Maxim,800,
 Destiny,662,
 DVLK,874,
 iiann,608,
 Kneza,653,
 Creon,599,
 Fersito,669,
 Seeker,631,
 Stealshot,603,
 Teddy,603,
 Saju,613,
 AHaHaCiK,761,
 Corporal,632,
 Sufon,885,
 happygame,792,
 Cruel,701,
 Edenzin,625,
 Kazu,726,
 IceBox,605,
 yOFT,618,
 Hika,701,
 Pancake,652,
 Carzzy,658,
 Kobbe,643,
 gunkrab,716,
 Maxim,746,
 Destiny,634,
 DVLK,638,
 iiann,615,
 Kneza,657,
 Creon,798,
 Fersito,992,
 Seeker,656,
 Stealshot,610,
 Teddy,613,
 Saju,711,
 AHaHaCiK,606,
 Corporal,663,
 Sufon,749,
 happygame,2634,
 Cruel,607,
 Edenzin,627,
 Kazu,626,
 IceBox,665,
 yOFT,917,
 Hika,601,
 Pancake,609,
 Carzzy,723,
 Kobbe,708,
 gunkrab,619,
 Maxim,780,
 Destiny,754,
 DVLK,653,
 iiann,620,
 Kneza,861,
 Creon,619,
 Fersito,658,
 Seeker,629,
 Stealshot,611,
 Teddy,672,
 Saju,611,
 AHaHaCiK,749,
 Corporal,624,
 Sufon,599,
 happygame,760,
 Cruel,596,
 Edenzin,638,
 Kazu,777,
 IceBox,640,
 yOFT,710,
 Hika,603,
 Pancake,607,
 Carzzy,619,
 Kobbe,600,
 gunkrab,751,
 Maxim,695,
 Destiny,622,
 DVLK,635,
 iiann,603,
 Kneza,2624,
 Creon,596,
 Fersito,617,
 Seeker,616,
 Stealshot,610,
 Teddy,717,
 Saju,627,
 AHaHaCiK,944,
 Corporal,613,
 Sufon,625,
 happygame,673,
 Cruel,585,
 Edenzin,797,
 Kazu,690,
 IceBox,616,
 yOFT,830,
 Hika,594,
 Pancake,604,
 Carzzy,605,
 Kobbe,618,
 gunkrab,761,
 Maxim,682,
 Destiny,623,
 DVLK,617,
 iiann,683,
 Kneza,735,
 Creon,650,
 Fersito,651,
 Seeker,607,
 Stealshot,585,
 Teddy,729,
 Saju,603,
 AHaHaCiK,670,
 Corporal,642,
 Sufon,2617,
 happygame,633,
 Cruel,588,
 Edenzin,661,
 Kazu,647,
 IceBox,776,
 yOFT,612,
 Hika,652,
 Pancake,625,
 Carzzy,646,
 Kobbe,733,
 gunkrab,610,
 Maxim,600,
 Destiny,606,
 DVLK,639,
 iiann,720,
 Kneza,637,
 Creon,644,
 Fersito,629,
 Seeker,603,
 Stealshot,713,
 Teddy,582,
 Saju,583,
 AHaHaCiK,602,
 Corporal,908,
 Sufon,736,
 happygame,626,
 Cruel,610,
 Edenzin,596,
 Kazu,615,
 IceBox,839,
 yOFT,680,
 Hika,616,
 Pancake,608,
 Carzzy,803,
 Kobbe,816,
 gunkrab,695,
 Maxim,688,
 Destiny,597,
 DVLK,704,
 iiann,598,
 Kneza,642,
 Creon,600,
 Fersito,599,
 Seeker,850,
 Stealshot,612,
 Teddy,659,
 Saju,606,
 AHaHaCiK,606,
 Corporal,2626,
 Sufon,608,
 happygame,605,
 Cruel,615,
 Edenzin,681,
 Kazu,828,
 IceBox,611,
 yOFT,597,
 Hika,641,
 Pancake,580,
 Carzzy,726,
 Kobbe,590,
 gunkrab,736,
 Maxim,604,
 Destiny,642,
 DVLK,758,
 iiann,620,
 Kneza,608,
 Creon,622,
 Fersito,678,
 Seeker,743,
 Stealshot,580,
 Teddy,609,
 Saju,610,
 AHaHaCiK,639,
 Corporal,737,
 Sufon,645,
 happygame,593,
 Cruel,642,
 Edenzin,597,
 Kazu,715,
 IceBox,567,
 yOFT,662,
 Hika,704,
 Pancake,685,
 Carzzy,607,
 Kobbe,693,
 gunkrab,615,
 Maxim,589,
 Destiny,2679,
 DVLK,598,
 iiann,624,
 Kneza,642,
 Creon,674,
 Fersito,763,
 Seeker,661,
 Stealshot,612,
 Teddy,592,
 Saju,964,
 AHaHaCiK,764,
 Corporal,683,
 Sufon,782,
 happygame,657,
 Cruel,629,
 Edenzin,716,
 Kazu,631,
 IceBox,634,
 yOFT,622,
 Hika,649,
 Pancake,622,
 Carzzy,613,
 Kobbe,639,
 gunkrab,617,
 Maxim,691,
 Destiny,590,
 DVLK,597,
 iiann,597,
 Kneza,604,
 Creon,863,
 Fersito,648,
 Seeker,668,
 Stealshot,660,
 Teddy,612,
 Saju,676,
 AHaHaCiK,589,
 Corporal,604,
 Sufon,600,
 happygame,2589,
 Cruel,599,
 Edenzin,583,
 Kazu,645,
 IceBox,677,
 yOFT,647,
 Hika,611,
 Pancake,603,
 Carzzy,620,
 Kobbe,596,
 gunkrab,689,
 Maxim,711,
 Destiny,618,
 DVLK,622,
 iiann,606,
 Kneza,651,
 Creon,581,
 Fersito,625,
 Seeker,804,
 Stealshot,610,
 Teddy,643,
 Saju,683,
 AHaHaCiK,638,
 Corporal,625,
 Sufon,657,
 happygame,665,
 Cruel,581,
 Edenzin,645,
 Kazu,731,
 IceBox,666,
 yOFT,596,
 Hika,772,
 Pancake,670,
 Carzzy,632,
 Kobbe,649,
 gunkrab,612,
 Maxim,638,
 Destiny,625,
 DVLK,676,
 iiann,723,
 Kneza,599,
 Creon,704,
 Fersito,621,
 Seeker,687,
 Stealshot,600,
 Teddy,587,
 Saju,688,
 AHaHaCiK,610,
 Corporal,738,
 Sufon,608,
 happygame,664,
 Cruel,622,
 Edenzin,708,
 Kazu,614,
 IceBox,617,
 yOFT,598,
 Hika,574,
 Pancake,697,
 Carzzy,840,
 Kobbe,611,
 gunkrab,628,
 Maxim,696,
 Destiny,643,
 DVLK,2681,
 iiann,621,
 Kneza,777,
 Creon,628,
 Fersito,622,
 Seeker,673,
 Stealshot,608,
 Teddy,705,
 Saju,583,
 AHaHaCiK,631,
 Corporal,666,
 Sufon,631,
 happygame,940,
 Cruel,660,
 Edenzin,640,
 Kazu,678,
 IceBox,614,
 yOFT,598,
 Hika,625,
 Pancake,2626,
 Carzzy,630,
 Kobbe,613,
 gunkrab,657,
 Maxim,616,
 Destiny,738,
 DVLK,580,
 iiann,610,
 Kneza,599,
 Creon,596,
 Fersito,790,
 Seeker,601,
 Stealshot,705,
 Teddy,698,
 Saju,601,
 AHaHaCiK,617,
 Corporal,689,
 Sufon,598,
 happygame,601,
 Cruel,658,
 Edenzin,878,
 Kazu,618,
 IceBox,629,
 yOFT,647,
 Hika,612,
 Pancake,816,
 Carzzy,618,
 Kobbe,573,
 gunkrab,590,
 Maxim,613,
 Destiny,723,
 DVLK,594,
 iiann,619,
 Kneza,688,
 Creon,616,
 Fersito,1773,
 Seeker,593,
 Stealshot,580,
 Teddy,691,
 Saju,594,
 AHaHaCiK,1755,
 Corporal,575,
 Sufon,592,
 happygame,587,
 Cruel,638,
 Edenzin,2666,
 Kazu,642,
 IceBox,621,
 yOFT,698,
 Hika,618,
 Pancake,762,
 Carzzy,600,
 Kobbe,610,
 gunkrab,578,
 Maxim,614,
 Destiny,1067,
 DVLK,699,
 iiann,601,
 Kneza,609,
 Creon,585,
 Fersito,714,
 Seeker,669,
 Stealshot,631,
 Teddy,720,
 Saju,621,
 AHaHaCiK,700,
 Corporal,651,
 Sufon,589,
 happygame,691,
 Cruel,616,
 Edenzin,763,
 Kazu,598,
 IceBox,607,
 yOFT,679,
 Hika,609,
 Pancake,1737,
 Carzzy,603,
 Kobbe,623,
 gunkrab,618,
 Maxim,1740,
 Destiny,658,
 DVLK,630,
 iiann,640,
 Kneza,633,
 Creon,578,
 Fersito,793,
 Seeker,630,
 Stealshot,574,
 Teddy,587,
 Saju,601,
 AHaHaCiK,757,
 Corporal,623,
 Sufon,705,
 happygame,639,
 Cruel,632,
 Edenzin,1724,
 Kazu,579,
 IceBox,727,
 yOFT,614,
 Hika,2575,
 Pancake,587,
 Carzzy,611,
 Kobbe,595,
 gunkrab,593,
 Maxim,584,
 Destiny,729,
 DVLK,600,
 iiann,607,
 Kneza,738,
 Creon,602,
 Fersito,710,
 Seeker,612,
 Stealshot,571,
 Teddy,585,
 Saju,590,
 AHaHaCiK,1002,
 Corporal,610,
 Sufon,611,
 happygame,679,
 Cruel,631,
 Edenzin,705,
 Kazu,687,
 IceBox,609,
 yOFT,590,
 Hika,604,
 Pancake,890,
 Carzzy,619,
 Kobbe,611,
 gunkrab,810,
 Maxim,630,
 Destiny,2623,
 DVLK,594,
 iiann,774,
 Kneza,616,
 Creon,651,
 Fersito,1748,
 Seeker,587,
 Stealshot,648,
 Teddy,594,
 Saju,599,
 AHaHaCiK,1753,
 Corporal,592,
 Sufon,679,
 happygame,612,
 Cruel,598,
 Edenzin,681,
 Kazu,591,
 IceBox,626,
 yOFT,586,
 Hika,722,
 Pancake,725,
 Carzzy,611,
 Kobbe,613,
 gunkrab,621,
 Maxim,593,
 Destiny,711,
 DVLK,677,
 iiann,635,
 Kneza,576,
 Creon,634,
 Fersito,701,
 Seeker,601,
 Stealshot,597,
 Teddy,685,
 Saju,629,
 AHaHaCiK,712,
 Corporal,607,
 Sufon,588,
 happygame,897,
 Cruel,606,
 Edenzin,1738,
 Kazu,598,
 IceBox,598,
 yOFT,592,
 Hika,583,
 Pancake,1753,
 Carzzy,844,
 Kobbe,637,
 gunkrab,668,
 Maxim,583,
 Destiny,767,
 DVLK,587,
 iiann,607,
 Kneza,598,
 Creon,591,
 Fersito,729,
 Seeker,636,
 Stealshot,932,
 Teddy,700,
 Saju,605,
 AHaHaCiK,697,
 Corporal,598,
 Sufon,605,
 happygame,582,
 Cruel,590,
 Edenzin,710,
 Kazu,624,
 IceBox,600,
 yOFT,673,
 Hika,609,
 Pancake,804,
 Carzzy,663,
 Kobbe,635,
 gunkrab,606,
 Maxim,625,
 Destiny,703,
 DVLK,603,
 iiann,723,
 Kneza,641,
 Creon,608,
 Fersito,724,
 Seeker,573,
 Stealshot,589,
 Teddy,690,
 Saju,670,
 AHaHaCiK,2581,
 Corporal,572,
 Sufon,527,
 happygame,575,
 Cruel,521,
 Edenzin,525,
 Kazu,533,
 IceBox,763,
 yOFT,608,
 Hika,643,
 Pancake,667,
 Carzzy,710,
 Kobbe,734,
 gunkrab,608,
 Maxim,601,
 Destiny,596,
 DVLK,588,
 iiann,809,
 Kneza,709,
 Creon,623,
 Fersito,684,
 Seeker,599,
 Stealshot,646,
 Teddy,603,
 Saju,574,
 AHaHaCiK,694,
 Corporal,605,
 Sufon,2600,
 happygame,582,
 Cruel,647,
 Edenzin,593,
 Kazu,588,
 IceBox,2931,
 yOFT,635,
 Hika,593,
 Pancake,596,
 Carzzy,611,
 Kobbe,3543,
 gunkrab,648,
 Maxim,622,
 Destiny,614,
 DVLK,757,
 iiann,684,
 Kneza,637,
 Creon,605,
 Fersito,888,
 Seeker,606,
 Stealshot,757,
 Teddy,677,
 Saju,609,
 AHaHaCiK,719,
 Corporal,614,
 Sufon,606,
 happygame,657,
 Cruel,613,
 Edenzin,590,
 Kazu,654,
 IceBox,787,
 yOFT,673,
 Hika,604,
 Pancake,708,
 Carzzy,703,
 Kobbe,630,
 gunkrab,650,
 Maxim,626,
 Destiny,601,
 DVLK,628,
 iiann,603,
 Kneza,751,
 Creon,605,
 Fersito,664,
 Seeker,634,
 Stealshot,580,
 Teddy,628,
 Saju,608,
 AHaHaCiK,611,
 Corporal,621,
 Sufon,2599,
 happygame,589,
 Cruel,632,
 Edenzin,616,
 Kazu,898,
 IceBox,600,
 yOFT,2586,
 Hika,632,
 Pancake,611,
 Carzzy,625,
 Kobbe,583,
 gunkrab,652,
 Maxim,632,
 Destiny,777,
 DVLK,587,
 iiann,2610,
 Kneza,611,
 Creon,607,
 Fersito,613,
 Seeker,618,
 Stealshot,681,
 Teddy,657,
 Saju,608,
 AHaHaCiK,762,
 Corporal,593,
 Sufon,658,
 happygame,587,
 Cruel,613,
 Edenzin,586,
 Kazu,604,
 IceBox,836,
 yOFT,677,
 Hika,598,
 Pancake,669,
 Carzzy,594,
 Kobbe,643,
 gunkrab,646,
 Maxim,668,
 Destiny,625,
 DVLK,585,
 iiann,2600,
 Kneza,668,
 Creon,614,
 Fersito,603,
 Seeker,597,
 Stealshot,647,
 Teddy,608,
 Saju,611,
 AHaHaCiK,698,
 Corporal,672,
 Sufon,709,
 happygame,603,
 Cruel,618,
 Edenzin,584,
 Kazu,624,
 IceBox,735,
 yOFT,642,
 Hika,603,
 Pancake,664,
 Carzzy,619,
 Kobbe,672,
 gunkrab,603,
 Maxim,705,
 Destiny,607,
 DVLK,622,
 iiann,653,
 Kneza,616,
 Creon,624,
 Fersito,626,
 Seeker,675,
 Stealshot,699,
 Teddy,614,
 Saju,594,
 AHaHaCiK,597,
 Corporal,591,
 Sufon,645,
 happygame,603,
 Cruel,645,
 Edenzin,784,
 Kazu,604,
 IceBox,670,
 yOFT,611,
 Hika,602,
 Pancake,760,
 Carzzy,646,
 Kobbe,635,
 gunkrab,706,
 Maxim,597,
 Destiny,668,
 DVLK,595,
 iiann,831,
 Kneza,644,
 Creon,618,
 Fersito,592,
 Seeker,586,
 Stealshot,661,
 Teddy,636,
 Saju,857,
 AHaHaCiK,649,
 Corporal,939,
 Sufon,728,
 happygame,601,
 Cruel,616,
 Edenzin,624,
 Kazu,679,
 IceBox,696,
 yOFT,615,
 Hika,870,
 Pancake,921,
 Carzzy,640,
 Kobbe,635,
 gunkrab,707,
 Maxim,599,
 Destiny,577,
 DVLK,594,
 iiann,603,
 Kneza,799,
 Creon,648,
 Fersito,650,
 Seeker,956,
 Stealshot,666,
 Teddy,607,
 Saju,634,
 AHaHaCiK,651,
 Corporal,640,
 Sufon,864,
 happygame,622,
 Cruel,614,
 Edenzin,677,
 Kazu,740,
 IceBox,650,
 yOFT,692,
 Hika,624,
 Pancake,602,
 Carzzy,614,
 Kobbe,896,
 gunkrab,640,
 Maxim,602,
 Destiny,674,
 DVLK,606,
 iiann,2655,
 Kneza,616,
 Creon,642,
 Fersito,604,
 Seeker,604,
 Stealshot,2877,
 Teddy,598,
 Saju,585,
 AHaHaCiK,593,
 Corporal,708,
 Sufon,765,
 happygame,586,
 Cruel,605,
 Edenzin,604,
 Kazu,590,
 IceBox,708,
 yOFT,646,
 Hika,596,
 Pancake,587,
 Carzzy,748,
 Kobbe,668,
 gunkrab,612,
 Maxim,656,
 Destiny,688,
 DVLK,599,
 iiann,754,
 Kneza,588,
 Creon,618,
 Fersito,582,
 Seeker,699,
 Stealshot,774,
 Teddy,613,
 Saju,607,
 AHaHaCiK,601,
 Corporal,588,
 Sufon,690,
 happygame,582,
 Cruel,688,
 Edenzin,616,
 Kazu,749,
 IceBox,741,
 yOFT,605,
 Hika,630,
 Pancake,598,
 Carzzy,674,
 Kobbe,616,
 gunkrab,581,
 Maxim,590,
 Destiny,611,
 DVLK,726,
 iiann,606,
 Kneza,654,
 Creon,653,
 Fersito,651,
 Seeker,722,
 Stealshot,605,
 Teddy,605,
 Saju,608,
 AHaHaCiK,694,
 Corporal,718,
 Sufon,591,
 happygame,611,
 Cruel,624,
 Edenzin,961,
 Kazu,787,
 IceBox,614,
 yOFT,585,
 Hika,593,
 Pancake,590,
 Carzzy,765,
 Kobbe,595,
 gunkrab,655,
 Maxim,621,
 Destiny,622,
 DVLK,2578,
 iiann,705,
 Kneza,708,
 Creon,681,
 Fersito,682,
 Seeker,705,
 Stealshot,713,
 Teddy,864,
 Saju,677,
 AHaHaCiK,597,
 Corporal,785,
 Sufon,781,
 happygame,609,
 Cruel,620,
 Edenzin,696,
 Kazu,791,
 IceBox,610,
 yOFT,661,
 Hika,618,
 Pancake,629,
 Carzzy,918,
 Kobbe,752,
 gunkrab,819,
 Maxim,724,
 Destiny,707,
 DVLK,769,
 iiann,655,
 Kneza,739,
 Creon,634,
 Fersito,608,
 Seeker,1779,
 Stealshot,741,
 Teddy,645,
 Saju,617,
 AHaHaCiK,633,
 Corporal,740,
 Sufon,648,
 happygame,644,
 Cruel,952,
 Edenzin,616,
 Kazu,744,
 IceBox,634,
 yOFT,618,
 Hika,594,
 Pancake,720,
 Carzzy,719,
 Kobbe,652,
 gunkrab,596,
 Maxim,595,
 Destiny,621,
 DVLK,730,
 iiann,670,
 Kneza,618,
 Creon,604,
 Fersito,592,
 Seeker,1725,
 Stealshot,903,
 Teddy,627,
 Saju,617,
 AHaHaCiK,713,
 Corporal,713,
 Sufon,601,
 happygame,654,
 Cruel,606,
 Edenzin,627,
 Kazu,791,
 IceBox,697,
 yOFT,623,
 Hika,632,
 Pancake,756,
 Carzzy,741,
 Kobbe,618,
 gunkrab,609,
 Maxim,601,
 Destiny,625,
 DVLK,711,
 iiann,713,
 Kneza,642,
 Creon,617,
 Fersito,615,
 Seeker,756,
 Stealshot,591,
 Teddy,607,
 Saju,672,
 AHaHaCiK,2632,
 Corporal,613,
 Sufon,637,
 happygame,640,
 Cruel,620,
 Edenzin,713,
 Kazu,601,
 IceBox,592,
 yOFT,607,
 Hika,599,
 Pancake,2595,
 Carzzy,538,
 Kobbe,535,
 gunkrab,519,
 Maxim,543,
 Destiny,549,
 DVLK,555,
 iiann,536,
 Kneza,538,
 Creon,542,
 Fersito,583,
 Seeker,551,
 Stealshot,514,
 Teddy,562,
 Saju,552,
 AHaHaCiK,542,
 Corporal,520,
 Sufon,511,
 happygame,519,
 Cruel,610,
 Edenzin,536,
 Kazu,551,
 IceBox,665,
 yOFT,594,
 Hika,519,
 Pancake,526,
 Carzzy,556,
 Kobbe,530,
 gunkrab,537,
 Maxim,520,
 Destiny,588,
 DVLK,638,
 iiann,622,
 Kneza,580,
 Creon,595,
 Fersito,568,
 Seeker,512,
 Stealshot,505,
 Teddy,510,
 Saju,509,
 AHaHaCiK,515,
 Corporal,511,
 Sufon,550,
 happygame,553,
 Cruel,535,
 Edenzin,529,
 Kazu,629,
 IceBox,598,
 yOFT,599,
 Hika,598,
 Pancake,780,
 Carzzy,826,
 Kobbe,616,
 gunkrab,915,
 Maxim,719,
 Destiny,639,
 DVLK,2573,
 iiann,617,
 Kneza,615,
 Creon,670,
 Fersito,721,
 Seeker,672,
 Stealshot,587,
 Teddy,684,
 Saju,588,
 AHaHaCiK,814,
 Corporal,797,
 Sufon,718,
 happygame,655,
 Cruel,651,
 Edenzin,610,
 Kazu,1021,
 IceBox,705,
 yOFT,650,
 Hika,597,
 Pancake,614,
 Carzzy,929,
 Kobbe,565,
 gunkrab,601,
 Maxim,662,
 Destiny,645,
 DVLK,655,
 iiann,595,
 Kneza,594,
 Creon,599,
 Fersito,2575,
 Seeker,814,
 Stealshot,650,
 Teddy,601,
 Saju,646,
 AHaHaCiK,637,
 Corporal,618,
 Sufon,585,
 happygame,597,
 Cruel,584,
 Edenzin,2629,
 Kazu,601,
 IceBox,592,
 yOFT,586,
 Hika,595,
 Pancake,649,
 Carzzy,623,
 Kobbe,597,
 gunkrab,636,
 Maxim,590,
 Destiny,666,
 DVLK,598,
 iiann,606,
 Kneza,698,
 Creon,600,
 Fersito,631,
 Seeker,599,
 Stealshot,580,
 Teddy,805,
 Saju,592,
 AHaHaCiK,776,
 Corporal,648,
 Sufon,609,
 happygame,588,
 Cruel,586,
 Edenzin,634,
 Kazu,589,
 IceBox,620,
 yOFT,839,
 Hika,2561,
 Pancake,580,
 Carzzy,640,
 Kobbe,587,
 gunkrab,614,
 Maxim,606,
 Destiny,670,
 DVLK,602,
 iiann,953,
 Kneza,633,
 Creon,686,
 Fersito,591,
 Seeker,627,
 Stealshot,575,
 Teddy,625,
 Saju,655,
 AHaHaCiK,690,
 Corporal,603,
 Sufon,607,
 happygame,616,
 Cruel,649,
 Edenzin,588,
 Kazu,585,
 IceBox,667,
 yOFT,620,
 Hika,632,
 Pancake,767,
 Carzzy,609,
 Kobbe,594,
 gunkrab,645,
 Maxim,758,
 Destiny,587,
 DVLK,586,
 iiann,625,
 Kneza,619,
 Creon,649,
 Fersito,624,
 Seeker,898,
 Stealshot,610,
 Teddy,722,
 Saju,639,
 AHaHaCiK,620,
 Corporal,604,
 Sufon,620,
 happygame,646,
 Cruel,647,
 Edenzin,784,
 Kazu,594,
 IceBox,926,
 yOFT,629,
 Hika,2556,
 Pancake,541,
 Carzzy,537,
 Kobbe,589,
 gunkrab,557,
 Maxim,538,
 Destiny,548,
 DVLK,583,
 iiann,533,
 Kneza,514,
 Creon,512,
 Fersito,514,
 Seeker,511,
 Stealshot,579,
 Teddy,588,
 Saju,550,
 AHaHaCiK,592,
 Corporal,573,
 Sufon,529,
 happygame,578,
 Cruel,556,
 Edenzin,605,
 Kazu,599,
 IceBox,545,
 yOFT,533,
 Hika,526,
 Pancake,543,
 Carzzy,856,
 Kobbe,593,
 gunkrab,593,
 Maxim,656,
 Destiny,534,
 DVLK,519,
 iiann,524,
 Kneza,515,
 Creon,516,
 Fersito,540,
 Seeker,573,
 Stealshot,806,
 Teddy,568,
 Saju,526,
 AHaHaCiK,536,
 Corporal,915,
 Sufon,528,
 happygame,559,
 Cruel,646,
 Edenzin,869,
 Kazu,578,
 IceBox,597,
 yOFT,814,
 Hika,613,
 Pancake,774,
 Carzzy,2607,
 Kobbe,675,
 gunkrab,662,
 Maxim,788,
 Destiny,608,
 DVLK,2612,
 iiann,611,
 Kneza,587,
 Creon,602,
 Fersito,583,
 Seeker,729,
 Stealshot,588,
 Teddy,607,
 Saju,710,
 AHaHaCiK,602,
 Corporal,603,
 Sufon,629,
 happygame,584,
 Cruel,570,
 Edenzin,590,
 Kazu,655,
 IceBox,668,
 yOFT,583,
 Hika,594,
 Pancake,618,
 Carzzy,606,
 Kobbe,639,
 gunkrab,651,
 Maxim,625,
 Destiny,595,
 DVLK,572,
 iiann,720,
 Kneza,587,
 Creon,599,
 Fersito,764,
 Seeker,591,
 Stealshot,624,
 Teddy,592,
 Saju,584,
 AHaHaCiK,591,
 Corporal,602,
 Sufon,1003,
 happygame,604,
 Cruel,601,
 Edenzin,662,
 Kazu,608,
 IceBox,643,
 yOFT,597,
 Hika,671,
 Pancake,633,
 Carzzy,590,
 Kobbe,632,
 gunkrab,620,
 Maxim,655,
 Destiny,627,
 DVLK,661,
 iiann,660,
 Kneza,596,
 Creon,599,
 Fersito,617,
 Seeker,617,
 Stealshot,595,
 Teddy,867,
 Saju,657,
 AHaHaCiK,610,
 Corporal,644,
 Sufon,1729,
 happygame,610,
 Cruel,603,
 Edenzin,604,
 Kazu,616,
 IceBox,1703,
 yOFT,646,
 Hika,644,
 Pancake,606,
 Carzzy,621,
 Kobbe,2645,
 gunkrab,636,
 Maxim,610,
 Destiny,654,
 DVLK,593,
 iiann,615,
 Kneza,1695,
 Creon,583,
 Fersito,600,
 Seeker,600,
 Stealshot,596,
 Teddy,1726,
 Saju,625,
 AHaHaCiK,607,
 Corporal,587,
 Sufon,586,
 happygame,1757,
 Cruel,601,
 Edenzin,607,
 Kazu,621,
 IceBox,594,
 yOFT,2589,
 Hika,592,
 Pancake,662,
 Carzzy,622,
 Kobbe,618,
 gunkrab,860,
 Maxim,622,
 Destiny,601,
 DVLK,595,
 iiann,599,
 Kneza,684,
 Creon,611,
 Fersito,828,
 Seeker,607,
 Stealshot,601,
 Teddy,784,
 Saju,590,
 AHaHaCiK,611,
 Corporal,604,
 Sufon,652,
 happygame,2586,
 Cruel,599,
 Edenzin,671,
 Kazu,683,
 IceBox,595,
 yOFT,715,
 Hika,600,
 Pancake,588,
 Carzzy,601,
 Kobbe,591,
 gunkrab,866,
 Maxim,600,
 Destiny,638,
 DVLK,652,
 iiann,602,
 Kneza,756,
 Creon,601,
 Fersito,610,
 Seeker,589,
 Stealshot,575,
 Teddy,726,
 Saju,589,
 AHaHaCiK,620,
 Corporal,629,
 Sufon,744,
 happygame,576,
 Cruel,575,
 Edenzin,576,
 Kazu,590,
 IceBox,712,
 yOFT,628,
 Hika,704,
 Pancake,606,
 Carzzy,695,
 Kobbe,720,
 gunkrab,588,
 Maxim,578,
 Destiny,584,
 DVLK,658,
 iiann,740,
 Kneza,666,
 Creon,607,
 Fersito,604,
 Seeker,644,
 Stealshot,588,
 Teddy,757,
 Saju,567,
 AHaHaCiK,580,
 Corporal,605,
 Sufon,606,
 happygame,738,
 Cruel,616,
 Edenzin,624,
 Kazu,678,
 IceBox,647,
 yOFT,806,
 Hika,604,
 Pancake,583,
 Carzzy,610,
 Kobbe,583,
 gunkrab,1099,
 Maxim,587,
 Destiny,644,
 DVLK,639,
 iiann,656,
 Kneza,707,
 Creon,675,
 Fersito,600,
 Seeker,611,
 Stealshot,601,
 Teddy,858,
 Saju,625,
 AHaHaCiK,618,
 Corporal,705,
 Sufon,688,
 happygame,702,
 Cruel,573,
 Edenzin,890,
 Kazu,598,
 IceBox,590,
 yOFT,751,
 Hika,611,
 Pancake,607,
 Carzzy,665,
 Kobbe,617,
 gunkrab,2835,
 Maxim,521,
 Destiny,593,
 DVLK,531,
 iiann,612,
 Kneza,596,
 Creon,572,
 Fersito,542,
 Seeker,526,
 Stealshot,521,
 Teddy,523,
 Saju,512,
 AHaHaCiK,523,
 Corporal,549,
 Sufon,607,
 happygame,535,
 Cruel,534,
 Edenzin,545,
 Kazu,541,
 IceBox,520,
 yOFT,513,
 Hika,520,
 Pancake,584,
 Carzzy,605,
 Kobbe,531,
 gunkrab,526,
 Maxim,709,
 Destiny,530,
 DVLK,829,
 iiann,618,
 Kneza,585,
 Creon,534,
 Fersito,528,
 Seeker,514,
 Stealshot,511,
 Teddy,516,
 Saju,505,
 AHaHaCiK,535,
 Corporal,816,
 Sufon,652,
 happygame,545,
 Cruel,590,
 Edenzin,529,
 Kazu,528,
 IceBox,524,
 yOFT,516,
 Hika,586,
 Pancake,620,
 Carzzy,560,
 Kobbe,581,
 gunkrab,542,
 Maxim,550,
 Destiny,622,
 DVLK,598,
 iiann,634,
 Kneza,602,
 Creon,612,
 Fersito,675,
 Seeker,599,
 Stealshot,574,
 Teddy,613,
 Saju,849,
 AHaHaCiK,762,
 Corporal,604,
 Sufon,603,
 happygame,595,
 Cruel,578,
 Edenzin,633,
 Kazu,696,
 IceBox,589,
 yOFT,625,
 Hika,605,
 Pancake,633,
 Carzzy,638,
 Kobbe,706,
 gunkrab,686,
 Maxim,602,
 Destiny,2676,
 DVLK,661,
 iiann,702,
 Kneza,698,
 Creon,640,
 Fersito,2661,
 Seeker,613,
 Stealshot,618,
 Teddy,631,
 Saju,624,
 AHaHaCiK,690,
 Corporal,601,
 Sufon,675,
 happygame,645,
 Cruel,618,
 Edenzin,675,
 Kazu,583,
 IceBox,767,
 yOFT,629,
 Hika,731,
 Pancake,712,
 Carzzy,723,
 Kobbe,627,
 gunkrab,609,
 Maxim,591,
 Destiny,667,
 DVLK,746,
 iiann,664,
 Kneza,618,
 Creon,629,
 Fersito,715,
 Seeker,612,
 Stealshot,627,
 Teddy,689,
 Saju,593,
 AHaHaCiK,657,
 Corporal,588,
 Sufon,752,
 happygame,643,
 Cruel,639,
 Edenzin,778,
 Kazu,628,
 IceBox,619,
 yOFT,598,
 Hika,605,
 Pancake,675,
 Carzzy,648,
 Kobbe,825,
 gunkrab,667,
 Maxim,627,
 Destiny,2690,
 DVLK,628,
 iiann,609,
 Kneza,608,
 Creon,592,
 Fersito,656,
 Seeker,587,
 Stealshot,761,
 Teddy,591,
 Saju,587,
 AHaHaCiK,670,
 Corporal,599,
 Sufon,624,
 happygame,594,
 Cruel,923,
 Edenzin,662,
 Kazu,637,
 IceBox,632,
 yOFT,625,
 Hika,645,
 Pancake,767,
 Carzzy,675,
 Kobbe,633,
 gunkrab,615,
 Maxim,615,
 Destiny,657,
 DVLK,612,
 iiann,741,
 Kneza,645,
 Creon,607,
 Fersito,666,
 Seeker,601,
 Stealshot,607,
 Teddy,607,
 Saju,846,
 AHaHaCiK,665,
 Corporal,632,
 Sufon,629,
 happygame,608,
 Cruel,616,
 Edenzin,699,
 Kazu,641,
 IceBox,818,
 yOFT,599,
 Hika,726,
 Pancake,858,
 Carzzy,738,
 Kobbe,690,
 gunkrab,716,
 Maxim,598,
 Destiny,861,
 DVLK,587,
 iiann,717,
 Kneza,717,
 Creon,743,
 Fersito,752,
 Seeker,650,
 Stealshot,630,
 Teddy,635,
 Saju,588,
 AHaHaCiK,896,
 Corporal,631,
 Sufon,694,
 happygame,605,
 Cruel,605,
 Edenzin,760,
 Kazu,815,
 IceBox,629,
 yOFT,622,
 Hika,609,
 Pancake,760,
 Carzzy,627,
 Kobbe,835,
 gunkrab,640,
 Maxim,716,
 Destiny,652,
 DVLK,616,
 iiann,601,
 Kneza,623,
 Creon,934,
 Fersito,834,
 Seeker,917,
 Stealshot,610,
 Teddy,626,
 Saju,831,
 AHaHaCiK,708,
 Corporal,619,
 Sufon,600,
 happygame,605,
 Cruel,750,
 Edenzin,608,
 Kazu,681,
 IceBox,691,
 yOFT,610,
 Hika,723,
 Pancake,606,
 Carzzy,626,
 Kobbe,614,
 gunkrab,633,
 Maxim,724,
 Destiny,617,
 DVLK,710,
 iiann,632,
 Kneza,612,
 Creon,1054,
 Fersito,747,
 Seeker,628,
 Stealshot,597,
 Teddy,595,
 Saju,671,
 AHaHaCiK,635,
 Corporal,642,
 Sufon,698,
 happygame,666,
 Cruel,701,
 Edenzin,620,
 Kazu,612,
 IceBox,615,
 yOFT,653,
 Hika,717,
 Pancake,631,
 Carzzy,616,
 Kobbe,610,
 gunkrab,630,
 Maxim,664,
 Destiny,646,
 DVLK,695,
 iiann,606,
 Kneza,620,
 Creon,686,
 Fersito,609,
 Seeker,689,
 Stealshot,615,
 Teddy,711,
 Saju,712,
 AHaHaCiK,618,
 Corporal,598,
 Sufon,619,
 happygame,597,
 Cruel,682,
 Edenzin,686,
 Kazu,743,
 IceBox,596,
 yOFT,613,
 Hika,753,
 Pancake,628,
 Carzzy,649,
 Kobbe,640,
 gunkrab,611,
 Maxim,787,
 Destiny,627,
 DVLK,668,
 iiann,667,
 Kneza,630,
 Creon,2646,
 Fersito,600,
 Seeker,660,
 Stealshot,648,
 Teddy,694,
 Saju,699,
 AHaHaCiK,729,
 Corporal,682,
 Sufon,647,
 happygame,593,
 Cruel,643,
 Edenzin,668,
 Kazu,600,
 IceBox,714,
 yOFT,698,
 Hika,735,
 Pancake,657,
 Carzzy,653,
 Kobbe,613,
 gunkrab,615,
 Maxim,649,
 Destiny,610,
 DVLK,634,
 iiann,610,
 Kneza,1047,
 Creon,658,
 Fersito,619,
 Seeker,633,
 Stealshot,589,
 Teddy,608,
 Saju,640,
 AHaHaCiK,686,
 Corporal,601,
 Sufon,620,
 happygame,607,
 Cruel,651,
 Edenzin,615,
 Kazu,612,
 IceBox,677,
 yOFT,614,
 Hika,662,
 Pancake,586,
 Carzzy,604,
 Kobbe,611,
 gunkrab,773,
 Maxim,2595,
 Destiny,619,
 DVLK,590,
 iiann,606,
 Kneza,689,
 Creon,657,
 Fersito,624,
 Seeker,663,
 Stealshot,601,
 Teddy,630,
 Saju,625,
 AHaHaCiK,686,
 Corporal,603,
 Sufon,593,
 happygame,600,
 Cruel,637,
 Edenzin,624,
 Kazu,626,
 IceBox,719,
 yOFT,679,
 Hika,665,
 Pancake,624,
 Carzzy,614,
 Kobbe,596,
 gunkrab,620,
 Maxim,1683,
 Destiny,626,
 DVLK,648,
 iiann,643,
 Kneza,691,
 Creon,633,
 Fersito,629,
 Seeker,593,
 Stealshot,605,
 Teddy,672,
 Saju,673,
 AHaHaCiK,629,
 Corporal,917,
 Sufon,622,
 happygame,605,
 Cruel,1678,
 Edenzin,598,
 Kazu,693,
 IceBox,874,
 yOFT,2631,
 Hika,680,
 Pancake,622,
 Carzzy,614,
 Kobbe,617,
 gunkrab,859,
 Maxim,604,
 Destiny,621,
 DVLK,688,
 iiann,615,
 Kneza,812,
 Creon,600,
 Fersito,594,
 Seeker,598,
 Stealshot,589,
 Teddy,757,
 Saju,651,
 AHaHaCiK,662,
 Corporal,678,
 Sufon,623,
 happygame,2603,
 Cruel,595,
 Edenzin,739,
 Kazu,627,
 IceBox,638,
 yOFT,766,
 Hika,598,
 Pancake,635,
 Carzzy,618,
 Kobbe,616,
 gunkrab,639,
 Maxim,609,
 Destiny,878,
 DVLK,636,
 iiann,655,
 Kneza,775,
 Creon,617,
 Fersito,619,
 Seeker,621,
 Stealshot,678,
 Teddy,678,
 Saju,620,
 AHaHaCiK,707,
 Corporal,625,
 Sufon,627,
 happygame,770,
 Cruel,649,
 Edenzin,646,
 Kazu,605,
 IceBox,586,
 yOFT,892,
 Hika,609,
 Pancake,694,
 Carzzy,644,
 Kobbe,672,
 gunkrab,712,
 Maxim,622,
 Destiny,612,
 DVLK,603,
 iiann,952,
 Kneza,668,
 Creon,608,
 Fersito,663,
 Seeker,617,
 Stealshot,622,
 Teddy,704,
 Saju,694,
 AHaHaCiK,624,
 Corporal,620,
 Sufon,598,
 happygame,647,
 Cruel,583,
 Edenzin,813,
 Kazu,682,
 IceBox,622,
 yOFT,2840,
 Hika,640,
 Pancake,634,
 Carzzy,666,
 Kobbe,613,
 gunkrab,2589,
 Maxim,630,
 Destiny,602,
 DVLK,603,
 iiann,622,
 Kneza,1123,
 Creon,725,
 Fersito,708,
 Seeker,645,
 Stealshot,648,
 Teddy,761,
 Saju,646,
 AHaHaCiK,643,
 Corporal,604,
 Sufon,612,
 happygame,1696,
 Cruel,855,
 Edenzin,685,
 Kazu,618,
 IceBox,614,
 yOFT,696,
 Hika,634,
 Pancake,628,
 Carzzy,815,
 Kobbe,604,
 gunkrab,779,
 Maxim,591,
 Destiny,596,
 DVLK,580,
 iiann,606,
 Kneza,700,
 Creon,584,
 Fersito,651,
 Seeker,621,
 Stealshot,597,
 Teddy,712,
 Saju,739,
 AHaHaCiK,590,
 Corporal,598,
 Sufon,687,
 happygame,756,
 Cruel,626,
 Edenzin,813,
 Kazu,614,
 IceBox,628,
 yOFT,832,
 Hika,652,
 Pancake,595,
 Carzzy,858,
 Kobbe,617,
 gunkrab,1866,
 Maxim,610,
 Destiny,618,
 DVLK,710,
 iiann,741,
 Kneza,585,
 Creon,634,
 Fersito,587,
 Seeker,600,
 Stealshot,597,
 Teddy,829,
 Saju,610,
 AHaHaCiK,625,
 Corporal,729,
 Sufon,789,
 happygame,627,
 Cruel,615,
 Edenzin,610,
 Kazu,594,
 IceBox,744,
 yOFT,802,
 Hika,610,
 Pancake,614,
 Carzzy,638,
 Kobbe,725,
 gunkrab,588,
 Maxim,589,
 Destiny,684,
 DVLK,596,
 iiann,733,
 Kneza,669,
 Creon,625,
 Fersito,637,
 Seeker,803,
 Stealshot,780,
 Teddy,672,
 Saju,629,
 AHaHaCiK,589,
 Corporal,635,
 Sufon,728,
 happygame,633,
 Cruel,732,
 Edenzin,633,
 Kazu,642,
 IceBox,685,
 yOFT,596,
 Hika,576,
 Pancake,584,
 Carzzy,673,
 Kobbe,730,
 gunkrab,662,
 Maxim,590,
 Destiny,618,
 DVLK,621,
 iiann,1764,
 Kneza,589,
 Creon,593,
 Fersito,591,
 Seeker,602,
 Stealshot,1720,
 Teddy,644,
 Saju,622,
 AHaHaCiK,626,
 Corporal,625,
 Sufon,734,
 happygame,724,
 Cruel,637,
 Edenzin,733,
 Kazu,644,
 IceBox,766,
 yOFT,651,
 Hika,636,
 Pancake,705,
 Carzzy,605,
 Kobbe,1859,
 gunkrab,738,
 Maxim,631,
 Destiny,672,
 DVLK,688,
 iiann,752,
 Kneza,595,
 Creon,588,
 Fersito,607,
 Seeker,610,
 Stealshot,788,
 Teddy,650,
 Saju,691,
 AHaHaCiK,605,
 Corporal,635,
 Sufon,709,
 happygame,723,
 Cruel,681,
 Edenzin,600,
 Kazu,612,
 IceBox,673,
 yOFT,869,
 Hika,633,
 Pancake,759,
 Carzzy,664,
 Kobbe,664,
 gunkrab,626,
 Maxim,599,
 Destiny,621,
 DVLK,637,
 iiann,933,
 Kneza,633,
 Creon,627,
 Fersito,699,
 Seeker,642,
 Stealshot,665,
 Teddy,724,
 Saju,651,
 AHaHaCiK,617,
 Corporal,616,
 Sufon,668,
 happygame,639,
 Cruel,604,
 Edenzin,750,
 Kazu,634,
 IceBox,1693,
 yOFT,605,
 Hika,598,
 Pancake,688,
 Carzzy,637,
 Kobbe,653,
 gunkrab,635,
 Maxim,660,
 Destiny,606,
 DVLK,615,
 iiann,738,
 Kneza,610,
 Creon,603,
 Fersito,612,
 Seeker,696,
 Stealshot,677,
 Teddy,647,
 Saju,682,
 AHaHaCiK,622,
 Corporal,913,
 Sufon,654,
 happygame,587,
 Cruel,581,
 Edenzin,605,
 Kazu,622,
 IceBox,648,
 yOFT,626,
 Hika,923,
 Pancake,591,
 Carzzy,606,
 Kobbe,686,
 gunkrab,671,
 Maxim,586,
 Destiny,591,
 DVLK,610,
 iiann,653,
 Kneza,608,
 Creon,680,
 Fersito,646,
 Seeker,596,
 Stealshot,633,
 Teddy,630,
 Saju,612,
 AHaHaCiK,589,
 Corporal,861,
 Sufon,2546,
 happygame,607,
 Cruel,623,
 Edenzin,651,
 Kazu,639,
 IceBox,685,
 yOFT,683,
 Hika,631,
 Pancake,657,
 Carzzy,2611,
 Kobbe,630,
 gunkrab,611,
 Maxim,611,
 Destiny,752,
 DVLK,685,
 iiann,612,
 Kneza,631,
 Creon,631,
 Fersito,631,
 Seeker,673,
 Stealshot,637,
 Teddy,607,
 Saju,585,
 AHaHaCiK,603,
 Corporal,703,
 Sufon,604,
 happygame,752,
 Cruel,726,
 Edenzin,590,
 Kazu,649,
 IceBox,588,
 yOFT,585,
 Hika,561,
 Pancake,598,
 Carzzy,780,
 Kobbe,665,
 gunkrab,629,
 Maxim,613,
 Destiny,613,
 DVLK,654,
 iiann,609,
 Kneza,653,
 Creon,606,
 Fersito,780,
 Seeker,695,
 Stealshot,607,
 Teddy,691,
 Saju,590,
 AHaHaCiK,639,
 Corporal,659,
 Sufon,593,
 happygame,613,
 Cruel,603,
 Edenzin,634,
 Kazu,960,
 IceBox,644,
 yOFT,649,
 Hika,651,
 Pancake,652,
 Carzzy,728,
 Kobbe,710,
 gunkrab,663,
 Maxim,616,
 Destiny,643,
 DVLK,676,
 iiann,744,
 Kneza,699,
 Creon,617,
 Fersito,679,
 Seeker,668,
 Stealshot,610,
 Teddy,634,
 Saju,605,
 AHaHaCiK,642,
 Corporal,666,
 Sufon,715,
 happygame,689,
 Cruel,675,
 Edenzin,609,
 Kazu,732,
 IceBox,623,
 yOFT,615,
 Hika,652,
 Pancake,611,
 Carzzy,702,
 Kobbe,613,
 gunkrab,613,
 Maxim,612,
 Destiny,600,
 DVLK,769,
 iiann,605,
 Kneza,626,
 Creon,626,
 Fersito,677,
 Seeker,742,
 Stealshot,589,
 Teddy,684,
 Saju,698,
 AHaHaCiK,713,
 Corporal,609,
 Sufon,596,
 happygame,599,
 Cruel,613,
 Edenzin,703,
 Kazu,624,
 IceBox,597,
 yOFT,668,
 Hika,595,
 Pancake,720,
 Carzzy,629,
 Kobbe,649,
 gunkrab,600,
 Maxim,595,
 Destiny,1746,
 DVLK,604,
 iiann,670,
 Kneza,589,
 Creon,596,
 Fersito,587,
 Seeker,705,
 Stealshot,632,
 Teddy,590,
 Saju,861,
 AHaHaCiK,607,
 Corporal,831,
 Sufon,609,
 happygame,585,
 Cruel,593,
 Edenzin,2610,
 Kazu,641,
 IceBox,588,
 yOFT,614,
 Hika,688,
 Pancake,648,
 Carzzy,744,
 Kobbe,624,
 gunkrab,663,
 Maxim,598,
 Destiny,945,
 DVLK,811,
 iiann,605,
 Kneza,666,
 Creon,625,
 Fersito,620,
 Seeker,735,
 Stealshot,662,
 Teddy,614,
 Saju,652,
 AHaHaCiK,635,
 Corporal,711,
 Sufon,643,
 happygame,665,
 Cruel,670,
 Edenzin,614,
 Kazu,796,
 IceBox,597,
 yOFT,652,
 Hika,622,
 Pancake,817,
 Carzzy,631,
 Kobbe,615,
 gunkrab,691,
 Maxim,630,
 Destiny,742,
 DVLK,620,
 iiann,644,
 Kneza,657,
 Creon,598,
 Fersito,764,
 Seeker,616,
 Stealshot,618,
 Teddy,671,
 Saju,711,
 AHaHaCiK,727,
 Corporal,647,
 Sufon,648,
 happygame,603,
 Cruel,654,
 Edenzin,1048,
 Kazu,605,
 IceBox,667,
 yOFT,616,
 Hika,611,
 Pancake,674,
 Carzzy,616,
 Kobbe,782,
 gunkrab,620,
 Maxim,623,
 Destiny,742,
 DVLK,630,
 iiann,663,
 Kneza,610,
 Creon,707,
 Fersito,698,
 Seeker,601,
 Stealshot,580,
 Teddy,835,
 Saju,601,
 AHaHaCiK,837,
 Corporal,630,
 Sufon,651,
 happygame,616,
 Cruel,591,
 Edenzin,2570,
 Kazu,738,
 IceBox,588,
 yOFT,610,
 Hika,678,
 Pancake,758,
 Carzzy,598,
 Kobbe,579,
 gunkrab,618,
 Maxim,595,
 Destiny,729,
 DVLK,762,
 iiann,623,
 Kneza,636,
 Creon,670,
 Fersito,668,
 Seeker,2581,
 Stealshot,616,
 Teddy,818,
 Saju,642,
 AHaHaCiK,606,
 Corporal,736,
 Sufon,668,
 happygame,586,
 Cruel,624,
 Edenzin,618,
 Kazu,723,
 IceBox,868,
 yOFT,651,
 Hika,708,
 Pancake,649,
 Carzzy,2624,
 Kobbe,626,
 gunkrab,636,
 Maxim,627,
 Destiny,666,
 DVLK,722,
 iiann,616,
 Kneza,673,
 Creon,597,
 Fersito,668,
 Seeker,681,
 Stealshot,602,
 Teddy,596,
 Saju,603,
 AHaHaCiK,836,
 Corporal,761,
 Sufon,609,
 happygame,652,
 Cruel,589,
 Edenzin,598,
 Kazu,1697,
 IceBox,668,
 yOFT,625,
 Hika,642,
 Pancake,635,
 Carzzy,766,
 Kobbe,598,
 gunkrab,580,
 Maxim,660,
 Destiny,592,
 DVLK,685,
 iiann,620,
 Kneza,643,
 Creon,715,
 Fersito,616,
 Seeker,765,
 Stealshot,609,
 Teddy,2159,
 Saju,637,
 AHaHaCiK,630,
 Corporal,802,
 Sufon,623,
 happygame,862,
 Cruel,599,
 Edenzin,780,
 Kazu,729,
 IceBox,612,
 yOFT,814,
 Hika,596,
 Pancake,660,
 Carzzy,640,
 Kobbe,1726,
 gunkrab,615,
 Maxim,628,
 Destiny,612,
 DVLK,1726,
 iiann,595,
 Kneza,915,
 Creon,593,
 Fersito,599,
 Seeker,717,
 Stealshot,685,
 Teddy,968,
 Saju,592,
 AHaHaCiK,606,
 Corporal,786,
 Sufon,576,
 happygame,653,
 Cruel,625,
 Edenzin,623,
 Kazu,2642,
 IceBox,711,
 yOFT,650,
 Hika,666,
 Pancake,606,
 Carzzy,2649,
 Kobbe,737,
 gunkrab,610,
 Maxim,609,
 Destiny,675,
 DVLK,611,
 iiann,693,
 Kneza,594,
 Creon,577,
 Fersito,596,
 Seeker,588,
 Stealshot,636,
 Teddy,624,
 Saju,677,
 AHaHaCiK,619,
 Corporal,657,
 Sufon,656,
 happygame,575,
 Cruel,586,
 Edenzin,590,
 Kazu,591,
 IceBox,664,
 yOFT,593,
 Hika,591,
 Pancake,588,
 Carzzy,612,
 Kobbe,2520,
 gunkrab,590,
 Maxim,581,
 Destiny,737,
 DVLK,583,
 iiann,719,
 Kneza,638,
 Creon,594,
 Fersito,574,
 Seeker,617,
 Stealshot,641,
 Teddy,581,
 Saju,662,
 AHaHaCiK,597,
 Corporal,607,
 Sufon,636,
 happygame,608,
 Cruel,629,
 Edenzin,600,
 Kazu,674,
 IceBox,655,
 yOFT,888,
 Hika,579,
 Pancake,577,
 Carzzy,619,
 Kobbe,2532,
 gunkrab,593,
 Maxim,566,
 Destiny,611,
 DVLK,588,
 iiann,654,
 Kneza,589,
 Creon,602,
 Fersito,663,
 Seeker,694,
 Stealshot,643,
 Teddy,613,
 Saju,644,
 AHaHaCiK,605,
 Corporal,2632,
 Sufon,611,
 happygame,710,
 Cruel,597,
 Edenzin,587,
 Kazu,643,
 IceBox,587,
 yOFT,609,
 Hika,588,
 Pancake,843,
 Carzzy,673,
 Kobbe,600,
 gunkrab,683,
 Maxim,601,
 Destiny,597,
 DVLK,605,
 iiann,693,
 Kneza,581,
 Creon,599,
 Fersito,572,
 Seeker,676,
 Stealshot,590,
 Teddy,606,
 Saju,708,
 AHaHaCiK,614,
 Corporal,645,
 Sufon,585,
 happygame,586,
 Cruel,596,
 Edenzin,584,
 Kazu,831,
 IceBox,602,
 yOFT,603,
 Hika,622,
 Pancake,600,
 Carzzy,652,
 Kobbe,604,
 gunkrab,655,
 Maxim,632,
 Destiny,586,
 DVLK,801,
 iiann,578,
 Kneza,649,
 Creon,645,
 Fersito,682,
 Seeker,639,
 Stealshot,583,
 Teddy,588,
 Saju,581,
 AHaHaCiK,582,
 Corporal,695,
 Sufon,730,
 happygame,603,
 Cruel,619,
 Edenzin,633,
 Kazu,655,
 IceBox,582,
 yOFT,588,
 Hika,611,
 Pancake,598,
 Carzzy,1599,
 Kobbe,632,
 gunkrab,542,
 Maxim,526,
 Destiny,549,
 DVLK,544,
 iiann,519,
 Kneza,509,
 Creon,511,
 Fersito,510,
 Seeker,518,
 Stealshot,517,
 Teddy,774,
 Saju,595,
 AHaHaCiK,551,
 Corporal,591,
 Sufon,508,
 happygame,509,
 Cruel,496,
 Edenzin,507,
 Kazu,520,
 IceBox,586,
 yOFT,517,
 Hika,672,
 Pancake,528,
 Carzzy,539,
 Kobbe,542,
 gunkrab,552,
 Maxim,534,
 Destiny,580,
 DVLK,533,
 iiann,521,
 Kneza,515,
 Creon,532,
 Fersito,521,
 Seeker,668,
 Stealshot,531,
 Teddy,542,
 Saju,587,
 AHaHaCiK,651,
 Corporal,522,
 Sufon,512,
 happygame,503,
 Cruel,516,
 Edenzin,556,
 Kazu,523,
 IceBox,561,
 yOFT,845,
 Hika,526,
 Pancake,538,
 Carzzy,618,
 Kobbe,536,
 gunkrab,530,
 Maxim,517,
 Destiny,592,
 DVLK,574,
 iiann,540,
 Kneza,512,
 Creon,511,
 Fersito,752,
 Seeker,517,
 Stealshot,525,
 Teddy,555,
 Saju,553,
 AHaHaCiK,533,
 Corporal,510,
 Sufon,510,
 happygame,550,
 Cruel,541,
 Edenzin,520,
 Kazu,783,
 IceBox,679,
 yOFT,598,
 Hika,654,
 Pancake,612,
 Carzzy,1792,
 Kobbe,701,
 gunkrab,628,
 Maxim,623,
 Destiny,828,
 DVLK,700,
 iiann,730,
 Kneza,597,
 Creon,580,
 Fersito,593,
 Seeker,682,
 Stealshot,600,
 Teddy,577,
 Saju,891,
 AHaHaCiK,609,
 Corporal,740,
 Sufon,665,
 happygame,643,
 Cruel,641,
 Edenzin,608,
 Kazu,698,
 IceBox,600,
 yOFT,581,
 Hika,727,
 Pancake,602,
 Carzzy,748,
 Kobbe,642,
 gunkrab,671,
 Maxim,587,
 Destiny,617,
 DVLK,716,
 iiann,620,
 Kneza,629,
 Creon,652,
 Fersito,661,
 Seeker,721,
 Stealshot,603,
 Teddy,638,
 Saju,904,
 AHaHaCiK,626,
 Corporal,750,
 Sufon,634,
 happygame,605,
 Cruel,607,
 Edenzin,619,
 Kazu,825,
 IceBox,595,
 yOFT,652,
 Hika,597,
 Pancake,603,
 Carzzy,2663,
 Kobbe,676,
 gunkrab,637,
 Maxim,656,
 Destiny,644,
 DVLK,606,
 iiann,2564,
 Kneza,961,
 Creon,619,
 Fersito,677,
 Seeker,635,
 Stealshot,708,
 Teddy,585,
 Saju,603,
 AHaHaCiK,601,
 Corporal,626,
 Sufon,979,
 happygame,602,
 Cruel,645,
 Edenzin,683,
 Kazu,582,
 IceBox,711,
 yOFT,603,
 Hika,593,
 Pancake,605,
 Carzzy,883,
 Kobbe,718,
 gunkrab,608,
 Maxim,593,
 Destiny,648,
 DVLK,612,
 iiann,660,
 Kneza,728,
 Creon,638,
 Fersito,585,
 Seeker,634,
 Stealshot,585,
 Teddy,886,
 Saju,603,
 AHaHaCiK,648,
 Corporal,702,
 Sufon,574,
 happygame,705,
 Cruel,583,
 Edenzin,611,
 Kazu,622,
 IceBox,856,
 yOFT,706,
 Hika,611,
 Pancake,644,
 Carzzy,614,
 Kobbe,589,
 gunkrab,963,
 Maxim,579,
 Destiny,597,
 DVLK,593,
 iiann,637,
 Kneza,657,
 Creon,611,
 Fersito,724,
 Seeker,605,
 Stealshot,594,
 Teddy,699,
 Saju,589,
 AHaHaCiK,637,
 Corporal,602,
 Sufon,847,
 happygame,2481,
 Cruel,616,
 Edenzin,626,
 Kazu,707,
 IceBox,594,
 yOFT,635,
 Hika,612,
 Pancake,623,
 Carzzy,623,
 Kobbe,681,
 gunkrab,639,
 Maxim,645,
 Destiny,593,
 DVLK,608,
 iiann,638,
 Kneza,595,
 Creon,582,
 Fersito,718,
 Seeker,659,
 Stealshot,1003,
 Teddy,628,
 Saju,586,
 AHaHaCiK,604,
 Corporal,601,
 Sufon,680,
 happygame,589,
 Cruel,814,
 Edenzin,623,
 Kazu,608,
 IceBox,710,
 yOFT,639,
 Hika,880,
 Pancake,674,
 Carzzy,590,
 Kobbe,665,
 gunkrab,579,
 Maxim,718,
 Destiny,660,
 DVLK,643,
 iiann,767,
 Kneza,605,
 Creon,581,
 Fersito,597,
 Seeker,597,
 Stealshot,738,
 Teddy,577,
 Saju,826,
 AHaHaCiK,615,
 Corporal,627,
 Sufon,1664,
 happygame,615,
 Cruel,626,
 Edenzin,611,
 Kazu,682,
 IceBox,601,
 yOFT,625,
 Hika,961,
 Pancake,615,
 Carzzy,610,
 Kobbe,664,
 gunkrab,920,
 Maxim,629,
 Destiny,677,
 DVLK,2645,
 iiann,629,
 Kneza,599,
 Creon,591,
 Fersito,595,
 Seeker,645,
 Stealshot,583,
 Teddy,867,
 Saju,608,
 AHaHaCiK,606,
 Corporal,1706,
 Sufon,588,
 happygame,586,
 Cruel,580,
 Edenzin,596,
 Kazu,690,
 IceBox,592,
 yOFT,597,
 Hika,604,
 Pancake,606,
 Carzzy,638,
 Kobbe,611,
 gunkrab,834,
 Maxim,590,
 Destiny,588,
 DVLK,685,
 iiann,578,
 Kneza,608,
 Creon,593,
 Fersito,616,
 Seeker,712,
 Stealshot,637,
 Teddy,843,
 Saju,575,
 AHaHaCiK,656,
 Corporal,721,
 Sufon,635,
 happygame,638,
 Cruel,598,
 Edenzin,592,
 Kazu,712,
 IceBox,615,
 yOFT,614,
 Hika,645,
 Pancake,607,
 Carzzy,707,
 Kobbe,593,
 gunkrab,861,
 Maxim,607,
 Destiny,773,
 DVLK,714,
 iiann,638,
 Kneza,612,
 Creon,611,
 Fersito,701,
 Seeker,620,
 Stealshot,690,
 Teddy,613,
 Saju,619,
 AHaHaCiK,797,
 Corporal,912,
 Sufon,631,
 happygame,668,
 Cruel,603,
 Edenzin,688,
 Kazu,633,
 IceBox,591,
 yOFT,642,
 Hika,616,
 Pancake,857,
 Carzzy,628,
 Kobbe,644,
 gunkrab,625,
 Maxim,939,
 Destiny,741,
 DVLK,641,
 iiann,690,
 Kneza,613,
 Creon,626,
 Fersito,794,
 Seeker,602,
 Stealshot,586,
 Teddy,633,
 Saju,2741,
 AHaHaCiK,610,
 Corporal,597,
 Sufon,741,
 happygame,618,
 Cruel,589,
 Edenzin,691,
 Kazu,591,
 IceBox,914,
 yOFT,606,
 Hika,668,
 Pancake,750,
 Carzzy,621,
 Kobbe,611,
 gunkrab,618,
 Maxim,709,
 Destiny,612,
 DVLK,613,
 iiann,641,
 Kneza,942,
 Creon,784,
 Fersito,804,
 Seeker,698,
 Stealshot,623,
 Teddy,596,
 Saju,2622,
 AHaHaCiK,678,
 Corporal,534,
 Sufon,540,
 happygame,575,
 Cruel,600,
 Edenzin,560,
 Kazu,528,
 IceBox,525,
 yOFT,589,
 Hika,589,
 Pancake,533,
 Carzzy,536,
 Kobbe,691,
 gunkrab,549,
 Maxim,532,
 Destiny,585,
 DVLK,682,
 iiann,533,
 Kneza,540,
 Creon,528,
 Fersito,522,
 Seeker,525,
 Stealshot,524,
 Teddy,547,
 Saju,565,
 AHaHaCiK,550,
 Corporal,635,
 Sufon,577,
 happygame,538,
 Cruel,519,
 Edenzin,507,
 Kazu,510,
 IceBox,544,
 yOFT,558,
 Hika,545,
 Pancake,536,
 Carzzy,548,
 Kobbe,529,
 gunkrab,549,
 Maxim,551,
 Destiny,664,
 DVLK,580,
 iiann,551,
 Kneza,548,
 Creon,550,
 Fersito,535,
 Seeker,519,
 Stealshot,502,
 Teddy,612,
 Saju,588,
 AHaHaCiK,564,
 Corporal,623,
 Sufon,539,
 happygame,513,
 Cruel,517,
 Edenzin,537,
 Kazu,691,
 IceBox,625,
 yOFT,620,
 Hika,596,
 Pancake,737,
 Carzzy,619,
 Kobbe,601,
 gunkrab,714,
 Maxim,586,
 Destiny,1735,
 DVLK,585,
 iiann,589,
 Kneza,692,
 Creon,604,
 Fersito,787,
 Seeker,613,
 Stealshot,603,
 Teddy,610,
 Saju,612,
 AHaHaCiK,751,
 Corporal,634,
 Sufon,746,
 happygame,639,
 Cruel,648,
 Edenzin,777,
 Kazu,698,
 IceBox,632,
 yOFT,618,
 Hika,586,
 Pancake,726,
 Carzzy,636,
 Kobbe,700,
 gunkrab,734,
 Maxim,614,
 Destiny,773,
 DVLK,586,
 iiann,590,
 Kneza,581,
 Creon,580,
 Fersito,772,
 Seeker,593,
 Stealshot,630,
 Teddy,632,
 Saju,601,
 AHaHaCiK,735,
 Corporal,597,
 Sufon,662,
 happygame,590,
 Cruel,590,
 Edenzin,748,
 Kazu,584,
 IceBox,755,
 yOFT,631,
 Hika,669,
 Pancake,726,
 Carzzy,619,
 Kobbe,594,
 gunkrab,581,
 Maxim,582,
 Destiny,695,
 DVLK,658,
 iiann,756,
 Kneza,624,
 Creon,690,
 Fersito,678,
 Seeker,615,
 Stealshot,594,
 Teddy,671,
 Saju,2665,
 AHaHaCiK,624,
 Corporal,621,
 Sufon,740,
 happygame,644,
 Cruel,1755,
 Edenzin,588,
 Kazu,600,
 IceBox,602,
 yOFT,608,
 Hika,705,
 Pancake,607,
 Carzzy,663,
 Kobbe,585,
 gunkrab,594,
 Maxim,739,
 Destiny,586,
 DVLK,904,
 iiann,599,
 Kneza,867,
 Creon,702,
 Fersito,761,
 Seeker,606,
 Stealshot,590,
 Teddy,616,
 Saju,670,
 AHaHaCiK,590,
 Corporal,593,
 Sufon,887,
 happygame,594,
 Cruel,743,
 Edenzin,632,
 Kazu,593,
 IceBox,580,
 yOFT,720,
 Hika,912,
 Pancake,624,
 Carzzy,603,
 Kobbe,623,
 gunkrab,762,
 Maxim,617,
 Destiny,730,
 DVLK,619,
 iiann,603,
 Kneza,700,
 Creon,583,
 Fersito,597,
 Seeker,597,
 Stealshot,700,
 Teddy,758,
 Saju,608,
 AHaHaCiK,634,
 Corporal,626,
 Sufon,727,
 happygame,599,
 Cruel,829,
 Edenzin,591,
 Kazu,636,
 IceBox,702,
 yOFT,620,
 Hika,595,
 Pancake,612,
 Carzzy,606,
 Kobbe,681,
 gunkrab,623,
 Maxim,600,
 Destiny,599,
 DVLK,593,
 iiann,783,
 Kneza,614,
 Creon,609,
 Fersito,694,
 Seeker,678,
 Stealshot,637,
 Teddy,596,
 Saju,578,
 AHaHaCiK,608,
 Corporal,656,
 Sufon,647,
 happygame,835,
 Cruel,601,
 Edenzin,676,
 Kazu,633,
 IceBox,996,
 yOFT,614,
 Hika,585,
 Pancake,625,
 Carzzy,616,
 Kobbe,678,
 gunkrab,631,
 Maxim,687,
 Destiny,683,
 DVLK,687,
 iiann,596,
 Kneza,818,
 Creon,573,
 Fersito,660,
 Seeker,722,
 Stealshot,614,
 Teddy,614,
 Saju,638,
 AHaHaCiK,663,
 Corporal,644,
 Sufon,597,
 happygame,838,
 Cruel,589,
 Edenzin,584,
 Kazu,676,
 IceBox,708,
 yOFT,657,
 Hika,798,
 Pancake,667,
 Carzzy,678,
 Kobbe,632,
 gunkrab,614,
 Maxim,594,
 Destiny,605,
 DVLK,750,
 iiann,623,
 Kneza,599,
 Creon,590,
 Fersito,682,
 Seeker,686,
 Stealshot,603,
 Teddy,671,
 Saju,583,
 AHaHaCiK,2622,
 Corporal,643,
 Sufon,644,
 happygame,680,
 Cruel,596,
 Edenzin,671,
 Kazu,627,
 IceBox,587,
 yOFT,639,
 Hika,764,
 Pancake,671,
 Carzzy,917,
 Kobbe,661,
 gunkrab,621,
 Maxim,607,
 Destiny,771,
 DVLK,692,
 iiann,608,
 Kneza,587,
 Creon,595,
 Fersito,682,
 Seeker,640,
 Stealshot,721,
 Teddy,678,
 Saju,634,
 AHaHaCiK,928,
 Corporal,619,
 Sufon,609,
 happygame,615,
 Cruel,680,
 Edenzin,666,
 Kazu,629,
 IceBox,605,
 yOFT,654,
 Hika,614,
 Pancake,610,
 Carzzy,715,
 Kobbe,589,
 gunkrab,622,
 Maxim,656,
 Destiny,737,
 DVLK,581,
 iiann,649,
 Kneza,682,
 Creon,602,
 Fersito,2567,
 Seeker,605,
 Stealshot,924,
 Teddy,621,
 Saju,2877,
 AHaHaCiK,678,
 Corporal,655,
 Sufon,644,
 happygame,639,
 Cruel,842,
 Edenzin,651,
 Kazu,723,
 IceBox,606,
 yOFT,581,
 Hika,598,
 Pancake,905,
 Carzzy,595,
 Kobbe,584,
 gunkrab,877,
 Maxim,590,
 Destiny,656,
 DVLK,645,
 iiann,630,
 Kneza,583,
 Creon,633,
 Fersito,682,
 Seeker,639,
 Stealshot,630,
 Teddy,749,
 Saju,606,
 AHaHaCiK,615,
 Corporal,747,
 Sufon,827,
 happygame,669,
 Cruel,737,
 Edenzin,668,
 Kazu,653,
 IceBox,620,
 yOFT,796,
 Hika,687,
 Pancake,639,
 Carzzy,686,
 Kobbe,590,
 gunkrab,593,
 Maxim,767,
 Destiny,621,
 DVLK,794,
 iiann,598,
 Kneza,684,
 Creon,932,
 Fersito,665,
 Seeker,710,
 Stealshot,621,
 Teddy,617,
 Saju,1703,
 AHaHaCiK,604,
 Corporal,711,
 Sufon,609,
 happygame,734,
 Cruel,849,
 Edenzin,642,
 Kazu,619,
 IceBox,654,
 yOFT,754,
 Hika,675,
 Pancake,670,
 Carzzy,856,
 Kobbe,611,
 gunkrab,791,
 Maxim,678,
 Destiny,596,
 DVLK,610,
 iiann,639,
 Kneza,793,
 Creon,594,
 Fersito,682,
 Seeker,720,
 Stealshot,636,
 Teddy,753,
 Saju,625,
 AHaHaCiK,604,
 Corporal,589,
 Sufon,595,
 happygame,727,
 Cruel,579,
 Edenzin,809,
 Kazu,602,
 IceBox,677,
 yOFT,611,
 Hika,627,
 Pancake,656,
 Carzzy,632,
 Kobbe,579,
 gunkrab,1007,
 Maxim,588,
 Destiny,608,
 DVLK,686,
 iiann,746,
 Kneza,596,
 Creon,615,
 Fersito,627,
 Seeker,618,
 Stealshot,598,
 Teddy,831,
 Saju,651,
 AHaHaCiK,663,
 Corporal,655,
 Sufon,2670,
 happygame,889,
 Cruel,579,
 Edenzin,600,
 Kazu,613,
 IceBox,1803,
 yOFT,636,
 Hika,608,
 Pancake,630,
 Carzzy,594,
 Kobbe,1742,
 gunkrab,602,
 Maxim,827,
 Destiny,660,
 DVLK,644,
 iiann,827,
 Kneza,631,
 Creon,573,
 Fersito,608,
 Seeker,584,
 Stealshot,758,
 Teddy,900,
 Saju,633,
 AHaHaCiK,655,
 Corporal,735,
 Sufon,732,
 happygame,594,
 Cruel,599,
 Edenzin,627,
 Kazu,682,
 IceBox,713,
 yOFT,636,
 Hika,612,
 Pancake,638,
 Carzzy,669,
 Kobbe,2605,
 gunkrab,608,
 Maxim,603,
 Destiny,845,
 DVLK,941,
 iiann,797,
 Kneza,726,
 Creon,586,
 Fersito,596,
 Seeker,586,
 Stealshot,717,
 Teddy,587,
 Saju,591,
 AHaHaCiK,653,
 Corporal,617,
 Sufon,781,
 happygame,719,
 Cruel,622,
 Edenzin,641,
 Kazu,762,
 IceBox,644,
 yOFT,612,
 Hika,632,
 Pancake,712,
 Carzzy,755,
 Kobbe,601,
 gunkrab,597,
 Maxim,608,
 Destiny,581,
 DVLK,580,
 iiann,2611,
 Kneza,654,
 Creon,585,
 Fersito,630,
 Seeker,778,
 Stealshot,1784,
 Teddy,591,
 Saju,621,
 AHaHaCiK,578,
 Corporal,729,
 Sufon,593,
 happygame,590,
 Cruel,635,
 Edenzin,582,
 Kazu,2646,
 IceBox,638,
 yOFT,687,
 Hika,618,
 Pancake,647,
 Carzzy,1769,
 Kobbe,604,
 gunkrab,599,
 Maxim,609,
 Destiny,923,
 DVLK,818,
 iiann,601,
 Kneza,615,
 Creon,668,
 Fersito,644,
 Seeker,713,
 Stealshot,616,
 Teddy,599,
 Saju,595,
 AHaHaCiK,585,
 Corporal,900,
 Sufon,605,
 happygame,610,
 Cruel,749,
 Edenzin,633,
 Kazu,711,
 IceBox,593,
 yOFT,599,
 Hika,600,
 Pancake,596,
 Carzzy,1024,
 Kobbe,621,
 gunkrab,609,
 Maxim,660,
 Destiny,657,
 DVLK,734,
 iiann,613,
 Kneza,631,
 Creon,606,
 Fersito,601,
 Seeker,862,
 Stealshot,597,
 Teddy,645,
 Saju,752,
 AHaHaCiK,756,
 Corporal,982,
 Sufon,642,
 happygame,609,
 Cruel,639,
 Edenzin,709,
 Kazu,803,
 IceBox,618,
 yOFT,650,
 Hika,626,
 Pancake,830,
 Carzzy,668,
 Kobbe,645,
 gunkrab,602,
 Maxim,632,
 Destiny,720,
 DVLK,816,
 iiann,623,
 Kneza,745,
 Creon,616,
 Fersito,688,
 Seeker,582,
 Stealshot,587,
 Teddy,601,
 Saju,615,
 AHaHaCiK,916,
 Corporal,667,
 Sufon,590,
 happygame,627,
 Cruel,588,
 Edenzin,587,
 Kazu,2588,
 IceBox,837,
 yOFT,596,
 Hika,594,
 Pancake,721,
 Carzzy,756,
 Kobbe,622,
 gunkrab,629,
 Maxim,599,
 Destiny,624,
 DVLK,723,
 iiann,677,
 Kneza,605,
 Creon,905,
 Fersito,641,
 Seeker,2657,
 Stealshot,604,
 Teddy,619,
 Saju,694,
 AHaHaCiK,644,
 Corporal,813,
 Sufon,645,
 happygame,586,
 Cruel,610,
 Edenzin,605,
 Kazu,691,
 IceBox,573,
 yOFT,706,
 Hika,798,
 Pancake,599,
 Carzzy,729,
 Kobbe,617,
 gunkrab,619,
 Maxim,627,
 Destiny,681,
 DVLK,2642,
 iiann,587,
 Kneza,578,
 Creon,680,
 Fersito,642,
 Seeker,542,
 Stealshot,526,
 Teddy,549,
 Saju,537,
 AHaHaCiK,588,
 Corporal,571,
 Sufon,599,
 happygame,766,
 Cruel,542,
 Edenzin,563,
 Kazu,536,
 IceBox,536,
 yOFT,521,
 Hika,523,
 Pancake,597,
 Carzzy,596,
 Kobbe,528,
 gunkrab,536,
 Maxim,656,
 Destiny,546,
 DVLK,526,
 iiann,551,
 Kneza,565,
 Creon,549,
 Fersito,544,
 Seeker,531,
 Stealshot,547,
 Teddy,530,
 Saju,521,
 AHaHaCiK,531,
 Corporal,781,
 Sufon,673,
 happygame,570,
 Cruel,599,
 Edenzin,571,
 Kazu,608,
 IceBox,598,
 yOFT,533,
 Hika,602,
 Pancake,640,
 Carzzy,593,
 Kobbe,642,
 gunkrab,531,
 Maxim,568,
 Destiny,567,
 DVLK,565,
 iiann,529,
 Kneza,523,
 Creon,571,
 Fersito,526,
 Seeker,506,
 Stealshot,782,
 Teddy,520,
 Saju,529,
 AHaHaCiK,529,
 Corporal,576,
 Sufon,626,
 happygame,695,
 Cruel,567,
 Edenzin,596,
 Kazu,626,
 IceBox,699,
 yOFT,582,
 Hika,636,
 Pancake,849,
 Carzzy,617,
 Kobbe,836,
 gunkrab,598,
 Maxim,592,
 Destiny,593,
 DVLK,661,
 iiann,727,
 Kneza,662,
 Creon,794,
 Fersito,638,
 Seeker,606,
 Stealshot,1719,
 Teddy,627,
 Saju,645,
 AHaHaCiK,618,
 Corporal,593,
 Sufon,724,
 happygame,615,
 Cruel,608,
 Edenzin,604,
 Kazu,689,
 IceBox,748,
 yOFT,611,
 Hika,692,
 Pancake,625,
 Carzzy,614,
 Kobbe,750,
 gunkrab,832,
 Maxim,626,
 Destiny,720,
 DVLK,692,
 iiann,591,
 Kneza,693,
 Creon,661,
 Fersito,611,
 Seeker,611,
 Stealshot,2716,
 Teddy,631,
 Saju,595,
 AHaHaCiK,609,
 Corporal,882,
 Sufon,2654,
 happygame,620,
 Cruel,657,
 Edenzin,601,
 Kazu,593,
 IceBox,595,
 yOFT,605,
 Hika,575,
 Pancake,617,
 Carzzy,831,
 Kobbe,2623,
 gunkrab,587,
 Maxim,607,
 Destiny,633,
 DVLK,608,
 iiann,669,
 Kneza,605,
 Creon,592,
 Fersito,580,
 Seeker,674,
 Stealshot,701,
 Teddy,663,
 Saju,626,
 AHaHaCiK,600,
 Corporal,581,
 Sufon,602,
 happygame,618,
 Cruel,919,
 Edenzin,599,
 Kazu,679,
 IceBox,704,
 yOFT,591,
 Hika,575,
 Pancake,601,
 Carzzy,678,
 Kobbe,748,
 gunkrab,606,
 Maxim,783,
 Destiny,623,
 DVLK,673,
 iiann,609,
 Kneza,2616,
 Creon,588,
 Fersito,596,
 Seeker,598,
 Stealshot,611,
 Teddy,665,
 Saju,595,
 AHaHaCiK,621,
 Corporal,627,
 Sufon,626,
 happygame,623,
 Cruel,583,
 Edenzin,699,
 Kazu,738,
 IceBox,695,
 yOFT,784,
 Hika,667,
 Pancake,628,
 Carzzy,683,
 Kobbe,604,
 gunkrab,677,
 Maxim,596,
 Destiny,677,
 DVLK,710,
 iiann,725,
 Kneza,739,
 Creon,644,
 Fersito,577,
 Seeker,593,
 Stealshot,628,
 Teddy,643,
 Saju,580,
 AHaHaCiK,705,
 Corporal,625,
 Sufon,614,
 happygame,2580,
 Cruel,642,
 Edenzin,587,
 Kazu,597,
 IceBox,572,
 yOFT,647,
 Hika,591,
 Pancake,603,
 Carzzy,752,
 Kobbe,600,
 gunkrab,642,
 Maxim,588,
 Destiny,638,
 DVLK,624,
 iiann,2634,
 Kneza,609,
 Creon,606,
 Fersito,599,
 Seeker,620,
 Stealshot,629,
 Teddy,2640,
 Saju,751,
 AHaHaCiK,775,
 Corporal,631,
 Sufon,717,
 happygame,679,
 Cruel,645,
 Edenzin,627,
 Kazu,703,
 IceBox,672,
 yOFT,658,
 Hika,664,
 Pancake,706,
 Carzzy,615,
 Kobbe,635,
 gunkrab,783,
 Maxim,587,
 Destiny,615,
 DVLK,753,
 iiann,613,
 Kneza,649,
 Creon,724,
 Fersito,630,
 Seeker,599,
 Stealshot,580,
 Teddy,662,
 Saju,613,
 AHaHaCiK,607,
 Corporal,633,
 Sufon,1007,
 happygame,668,
 Cruel,697,
 Edenzin,652,
 Kazu,600,
 IceBox,587,
 yOFT,714,
 Hika,619,
 Pancake,654,
 Carzzy,576,
 Kobbe,806,
 gunkrab,628,
 Maxim,622,
 Destiny,700,
 DVLK,602,
 iiann,576,
 Kneza,691,
 Creon,593,
 Fersito,594,
 Seeker,618,
 Stealshot,915,
 Teddy,719,
 Saju,663,
 AHaHaCiK,619,
 Corporal,597,
 Sufon,600,
 happygame,752,
 Cruel,597,
 Edenzin,584,
 Kazu,813,
 IceBox,596,
 yOFT,694,
 Hika,666,
 Pancake,660,
 Carzzy,601,
 Kobbe,701,
 gunkrab,573,
 Maxim,573,
 Destiny,580,
 DVLK,586,
 iiann,902,
 Kneza,700,
 Creon,675,
 Fersito,598,
 Seeker,602,
 Stealshot,584,
 Teddy,695,
 Saju,647,
 AHaHaCiK,653,
 Corporal,593,
 Sufon,771,
 happygame,584,
 Cruel,663,
 Edenzin,634,
 Kazu,977,
 IceBox,686,
 yOFT,586,
 Hika,596,
 Pancake,603,
 Carzzy,593,
 Kobbe,872,
 gunkrab,676,
 Maxim,740,
 Destiny,591,
 DVLK,593,
 iiann,752,
 Kneza,608,
 Creon,698,
 Fersito,604,
 Seeker,603,
 Stealshot,776,
 Teddy,632,
 Saju,600,
 AHaHaCiK,636,
 Corporal,942,
 Sufon,685,
 happygame,594,
 Cruel,568,
 Edenzin,847,
 Kazu,582,
 IceBox,807,
 yOFT,609,
 Hika,595,
 Pancake,592,
 Carzzy,599,
 Kobbe,2726,
 gunkrab,662,
 Maxim,588,
 Destiny,703,
 DVLK,584,
 iiann,1742,
 Kneza,585,
 Creon,588,
 Fersito,588,
 Seeker,602,
 Stealshot,735,
 Teddy,689,
 Saju,616,
 AHaHaCiK,596,
 Corporal,608,
 Sufon,690,
 happygame,592,
 Cruel,569,
 Edenzin,718,
 Kazu,605,
 IceBox,723,
 yOFT,604,
 Hika,668,
 Pancake,656,
 Carzzy,658,
 Kobbe,786,
 gunkrab,620,
 Maxim,653,
 Destiny,631,
 DVLK,631,
 iiann,738,
 Kneza,693,
 Creon,636,
 Fersito,612,
 Seeker,602,
 Stealshot,776,
 Teddy,581,
 Saju,611,
 AHaHaCiK,637,
 Corporal,718,
 Sufon,987,
 happygame,662,
 Cruel,649,
 Edenzin,593,
 Kazu,594,
 IceBox,813,
 yOFT,601,
 Hika,629,
 Pancake,831,
 Carzzy,743,
 Kobbe,594,
 gunkrab,710,
 Maxim,674,
 Destiny,635,
 DVLK,696,
 iiann,595,
 Kneza,566,
 Creon,587,
 Fersito,808,
 Seeker,746,
 Stealshot,582,
 Teddy,667,
 Saju,593,
 AHaHaCiK,610,
 Corporal,991,
 Sufon,699,
 happygame,598,
 Cruel,602,
 Edenzin,596,
 Kazu,769,
 IceBox,599,
 yOFT,660,
 Hika,695,
 Pancake,628,
 Carzzy,736,
 Kobbe,596,
 gunkrab,594,
 Maxim,578,
 Destiny,621,
 DVLK,794,
 iiann,625,
 Kneza,603,
 Creon,599,
 Fersito,584,
 Seeker,691,
 Stealshot,578,
 Teddy,686,
 Saju,579,
 AHaHaCiK,654,
 Corporal,743,
 Sufon,574,
 happygame,599,
 Cruel,600,
 Edenzin,682,
 Kazu,740,
 IceBox,601,
 yOFT,598,
 Hika,594,
 Pancake,755,
 Carzzy,662,
 Kobbe,644,
 gunkrab,756,
 Maxim,620,
 Destiny,617,
 DVLK,737,
 iiann,614,
 Kneza,616,
 Creon,653,
 Fersito,920,
 Seeker,717,
 Stealshot,604,
 Teddy,637,
 Saju,594,
 AHaHaCiK,859,
 Corporal,598,
 Sufon,585,
 happygame,581,
 Cruel,563,
 Edenzin,731,
 Kazu,617,
 IceBox,754,
 yOFT,683,
 Hika,590,
 Pancake,715,
 Carzzy,597,
 Kobbe,571,
 gunkrab,599,
 Maxim,665,
 Destiny,839,
 DVLK,591,
 iiann,623,
 Kneza,652,
 Creon,2645,
 Fersito,590,
 Seeker,589,
 Stealshot,572,
 Teddy,846,
 Saju,777,
 AHaHaCiK,724,
 Corporal,655,
 Sufon,599,
 happygame,582,
 Cruel,643,
 Edenzin,593,
 Kazu,681,
 IceBox,624,
 yOFT,839,
 Hika,603,
 Pancake,2637,
 Carzzy,599,
 Kobbe,681,
 gunkrab,621,
 Maxim,780,
 Destiny,681,
 DVLK,677,
 iiann,661,
 Kneza,620,
 Creon,595,
 Fersito,633,
 Seeker,586,
 Stealshot,582,
 Teddy,661,
 Saju,664,
 AHaHaCiK,831,
 Corporal,594,
 Sufon,638,
 happygame,621,
 Cruel,570,
 Edenzin,716,
 Kazu,590,
 IceBox,615,
 yOFT,577,
 Hika,641,
 Pancake,604,
 Carzzy,633,
 Kobbe,716,
 gunkrab,663,
 Maxim,651,
 Destiny,613,
 DVLK,584,
 iiann,606,
 Kneza,615,
 Creon,781,
 Fersito,673,
 Seeker,628,
 Stealshot,654,
 Teddy,705,
 Saju,629,
 AHaHaCiK,1022,
 Corporal,609,
 Sufon,604,
 happygame,660,
 Cruel,602,
 Edenzin,626,
 Kazu,1116,
 IceBox,666,
 yOFT,761,
 Hika,597,
 Pancake,605,
 Carzzy,587,
 Kobbe,626,
 gunkrab,721,
 Maxim,692,
 Destiny,617,
 DVLK,606,
 iiann,733,
 Kneza,605,
 Creon,588,
 Fersito,685,
 Seeker,614,
 Stealshot,742,
 Teddy,593,
 Saju,729,
 AHaHaCiK,626,
 Corporal,730,
 Sufon,728,
 happygame,592,
 Cruel,588,
 Edenzin,600,
 Kazu,769,
 IceBox,620,
 yOFT,648,
 Hika,775,
 Pancake,679,
 Carzzy,790,
 Kobbe,600,
 gunkrab,599,
 Maxim,657,
 Destiny,686,
 DVLK,767,
 iiann,585,
 Kneza,599,
 Creon,587,
 Fersito,1783,
 Seeker,616,
 Stealshot,579,
 Teddy,606,
 Saju,580,
 AHaHaCiK,776,
 Corporal,575,
 Sufon,871,
 happygame,638,
 Cruel,608,
 Edenzin,761,
 Kazu,619,
 IceBox,579,
 yOFT,604,
 Hika,649,
 Pancake,751,
 Carzzy,588,
 Kobbe,707,
 gunkrab,623,
 Maxim,792,
 Destiny,746,
 DVLK,640,
 iiann,609,
 Kneza,605,
 Creon,706,
 Fersito,597,
 Seeker,606,
 Stealshot,882,
 Teddy,626,
 Saju,1128,
 AHaHaCiK,659,
 Corporal,606,
 Sufon,572,
 happygame,2626,
 Cruel,604,
 Edenzin,633,
 Kazu,603,
 IceBox,668,
 yOFT,618,
 Hika,1705,
 Pancake,594,
 Carzzy,588,
 Kobbe,704,
 gunkrab,631,
 Maxim,2614,
 Destiny,646,
 DVLK,625,
 iiann,645,
 Kneza,615,
 Creon,831,
 Fersito,691,
 Seeker,634,
 Stealshot,703,
 Teddy,761,
 Saju,607,
 AHaHaCiK,628,
 Corporal,624,
 Sufon,1063,
 happygame,741,
 Cruel,703,
 Edenzin,635,
 Kazu,639,
 IceBox,876,
 yOFT,735,
 Hika,635,
 Pancake,688,
 Carzzy,620,
 Kobbe,637,
 gunkrab,914,
 Maxim,651,
 Destiny,639,
 DVLK,752,
 iiann,668,
 Kneza,728,
 Creon,614,
 Fersito,607,
 Seeker,641,
 Stealshot,613,
 Teddy,862,
 Saju,602,
 AHaHaCiK,614,
 Corporal,700,
 Sufon,611,
 happygame,710,
 Cruel,614,
 Edenzin,710,
 Kazu,611,
 IceBox,579,
 yOFT,809,
 Hika,587,
 Pancake,783,
 Carzzy,683,
 Kobbe,2734,
 gunkrab,537,
 Maxim,523,
 Destiny,768,
 DVLK,546,
 iiann,564,
 Kneza,539,
 Creon,541,
 Fersito,563,
 Seeker,604,
 Stealshot,590,
 Teddy,679,
 Saju,589,
 AHaHaCiK,655,
 Corporal,602,
 Sufon,795,
 happygame,595,
 Cruel,705,
 Edenzin,742,
 Kazu,599,
 IceBox,592,
 yOFT,592,
 Hika,585,
 Pancake,648,
 Carzzy,605,
 Kobbe,625,
 gunkrab,681,
 Maxim,619,
 Destiny,702,
 DVLK,623,
 iiann,609,
 Kneza,592,
 Creon,2651,
 Fersito,601,
 Seeker,602,
 Stealshot,648,
 Teddy,663,
 Saju,592,
 AHaHaCiK,1660,
 Corporal,606,
 Sufon,602,
 happygame,781,
 Cruel,602,
 Edenzin,2593,
 Kazu,613,
 IceBox,662,
 yOFT,630,
 Hika,588,
 Pancake,660,
 Carzzy,627,
 Kobbe,607,
 gunkrab,652,
 Maxim,748,
 Destiny,598,
 DVLK,596,
 iiann,595,
 Kneza,583,
 Creon,645,
 Fersito,608,
 Seeker,939,
 Stealshot,622,
 Teddy,638,
 Saju,703,
 AHaHaCiK,631,
 Corporal,611,
 Sufon,603,
 happygame,621,
 Cruel,653,
 Edenzin,595,
 Kazu,609,
 IceBox,596,
 yOFT,661,
 Hika,640,
 Pancake,676,
 Carzzy,614,
 Kobbe,597,
 gunkrab,613,
 Maxim,669,
 Destiny,854,
 DVLK,615,
 iiann,712,
 Kneza,638,
 Creon,2618,
 Fersito,603,
 Seeker,606,
 Stealshot,590,
 Teddy,786,
 Saju,2620,
 AHaHaCiK,599,
 Corporal,596,
 Sufon,582,
 happygame,587,
 Cruel,653,
 Edenzin,822,
 Kazu,665,
 IceBox,795,
 yOFT,688,
 Hika,644,
 Pancake,621,
 Carzzy,621,
 Kobbe,604,
 gunkrab,691,
 Maxim,800,
 Destiny,631,
 DVLK,633,
 iiann,694,
 Kneza,678,
 Creon,606,
 Fersito,628,
 Seeker,590,
 Stealshot,589,
 Teddy,636,
 Saju,596,
 AHaHaCiK,615,
 Corporal,687,
 Sufon,623,
 happygame,687,
 Cruel,588,
 Edenzin,611,
 Kazu,611,
 IceBox,2662,
 yOFT,598,
 Hika,594,
 Pancake,650,
 Carzzy,634,
 Kobbe,635,
 gunkrab,2563,
 Maxim,604,
 Destiny,644,
 DVLK,665,
 iiann,610,
 Kneza,708,
 Creon,600,
 Fersito,590,
 Seeker,577,
 Stealshot,644,
 Teddy,2527,
 Saju,592,
 AHaHaCiK,632,
 Corporal,615,
 Sufon,670,
 happygame,642,
 Cruel,574,
 Edenzin,584,
 Kazu,575,
 IceBox,576,
 yOFT,675,
 Hika,624,
 Pancake,643,
 Carzzy,630,
 Kobbe,672,
 gunkrab,592,
 Maxim,577,
 Destiny,591,
 DVLK,663,
 iiann,641,
 Kneza,828,
 Creon,592,
 Fersito,606,
 Seeker,632,
 Stealshot,724,
 Teddy,682,
 Saju,600,
 AHaHaCiK,595,
 Corporal,628,
 Sufon,2617,
 happygame,639,
 Cruel,643,
 Edenzin,593,
 Kazu,592,
 IceBox,1628,
 yOFT,615,
 Hika,638,
 Pancake,605,
 Carzzy,608,
 Kobbe,781,
 gunkrab,623,
 Maxim,655,
 Destiny,605,
 DVLK,580,
 iiann,667,
 Kneza,580,
 Creon,846,
 Fersito,598,
 Seeker,725,
 Stealshot,742,
 Teddy,586,
 Saju,590,
 AHaHaCiK,604,
 Corporal,635,
 Sufon,679,
 happygame,692,
 Cruel,737,
 Edenzin,595,
 Kazu,2631,
 IceBox,625,
 yOFT,603,
 Hika,580,
 Pancake,589,
 Carzzy,783,
 Kobbe,599,
 gunkrab,606,
 Maxim,772,
 Destiny,605,
 DVLK,720,
 iiann,592,
 Kneza,633,
 Creon,626,
 Fersito,634,
 Seeker,847,
 Stealshot,673,
 Teddy,624,
 Saju,697,
 AHaHaCiK,605,
 Corporal,742,
 Sufon,616,
 happygame,622,
 Cruel,564,
 Edenzin,2685,
 Kazu,640,
 IceBox,619,
 yOFT,584,
 Hika,587,
 Pancake,731,
 Carzzy,621,
 Kobbe,596,
 gunkrab,775,
 Maxim,675,
 Destiny,770,
 DVLK,687,
 iiann,651,
 Kneza,614,
 Creon,617,
 Fersito,752,
 Seeker,588,
 Stealshot,586,
 Teddy,679,
 Saju,601,
 AHaHaCiK,733,
 Corporal,628,
 Sufon,647,
 happygame,585,
 Cruel,583,
 Edenzin,683,
 Kazu,593,
 IceBox,597,
 yOFT,633,
 Hika,735,
 Pancake,776,
 Carzzy,718,
 Kobbe,676,
 gunkrab,637,
 Maxim,634,
 Destiny,2682,
 DVLK,639,
 iiann,647,
 Kneza,641,
 Creon,613,
 Fersito,1763,
 Seeker,692,
 Stealshot,593,
 Teddy,614,
 Saju,918,
 AHaHaCiK,780,
 Corporal,710,
 Sufon,617,
 happygame,629,
 Cruel,591,
 Edenzin,751,
 Kazu,598,
 IceBox,625,
 yOFT,732,
 Hika,616,
 Pancake,716,
 Carzzy,637,
 Kobbe,678,
 gunkrab,601,
 Maxim,589,
 Destiny,744,
 DVLK,582,
 iiann,595,
 Kneza,584,
 Creon,863,
 Fersito,621,
 Seeker,662,
 Stealshot,617,
 Teddy,627,
 Saju,742,
 AHaHaCiK,585,
 Corporal,676,
 Sufon,605,
 happygame,632,
 Cruel,946,
 Edenzin,610,
 Kazu,696,
 IceBox,841,
 yOFT,697,
 Hika,738,
 Pancake,615,
 Carzzy,611,
 Kobbe,619,
 gunkrab,657,
 Maxim,766,
 Destiny,655,
 DVLK,662,
 iiann,612,
 Kneza,598,
 Creon,722,
 Fersito,699,
 Seeker,601,
 Stealshot,623,
 Teddy,723,
 Saju,699,
 AHaHaCiK,630,
 Corporal,693,
 Sufon,751,
 happygame,753,
 Cruel,663,
 Edenzin,609,
 Kazu,652,
 IceBox,708,
 yOFT,858,
 Hika,606,
 Pancake,731,
 Carzzy,618,
 Kobbe,575,
 gunkrab,592,
 Maxim,681,
 Destiny,687,
 DVLK,581,
 iiann,607,
 Kneza,751,
 Creon,667,
 Fersito,583,
 Seeker,580,
 Stealshot,650,
 Teddy,690,
 Saju,598,
 AHaHaCiK,631,
 Corporal,589,
 Sufon,621,
 happygame,744,
 Cruel,704,
 Edenzin,629,
 Kazu,652,
 IceBox,620,
 yOFT,726,
 Hika,587,
 Pancake,611,
 Carzzy,685,
 Kobbe,600,
 gunkrab,718,
 Maxim,636,
 Destiny,607,
 DVLK,660,
 iiann,661,
 Kneza,830,
 Creon,661,
 Fersito,626,
 Seeker,626,
 Stealshot,665,
 Teddy,802,
 Saju,729,
 AHaHaCiK,684,
 Corporal,643,
 Sufon,603,
 happygame,781,
 Cruel,609,
 Edenzin,583,
 Kazu,729,
 IceBox,588,
 yOFT,779,
 Hika,601,
 Pancake,670,
 Carzzy,628,
 Kobbe,617,
 gunkrab,759,
 Maxim,601,
 Destiny,650,
 DVLK,637,
 iiann,598,
 Kneza,769,
 Creon,655,
 Fersito,750,
 Seeker,699,
 Stealshot,613,
 Teddy,703,
 Saju,617,
 AHaHaCiK,601,
 Corporal,615,
 Sufon,740,
 happygame,998,
 Cruel,683,
 Edenzin,910,
 Kazu,837,
 IceBox,580,
 yOFT,874,
 Hika,641,
 Pancake,607,
 Carzzy,750,
 Kobbe,2712,
 gunkrab,604,
 Maxim,584,
 Destiny,599,
 DVLK,584,
 iiann,608,
 Kneza,681,
 Creon,633,
 Fersito,609,
 Seeker,694,
 Stealshot,2703,
 Teddy,622,
 Saju,580,
 AHaHaCiK,742,
 Corporal,598,
 Sufon,658,
 happygame,655,
 Cruel,668,
 Edenzin,599,
 Kazu,611,
 IceBox,652,
 yOFT,596,
 Hika,600,
 Pancake,852,
 Carzzy,711,
 Kobbe,671,
 gunkrab,698,
 Maxim,602,
 Destiny,600,
 DVLK,596,
 iiann,677,
 Kneza,668,
 Creon,599,
 Fersito,791,
 Seeker,694,
 Stealshot,650,
 Teddy,810,
 Saju,592,
 AHaHaCiK,672,
 Corporal,616,
 Sufon,617,
 happygame,585,
 Cruel,584,
 Edenzin,668,
 Kazu,666,
 IceBox,730,
 yOFT,666,
 Hika,602,
 Pancake,909,
 Carzzy,655,
 Kobbe,602,
 gunkrab,614,
 Maxim,659,
 Destiny,634,
 DVLK,675,
 iiann,635,
 Kneza,654,
 Creon,642,
 Fersito,629,
 Seeker,761,
 Stealshot,605,
 Teddy,595,
 Saju,574,
 AHaHaCiK,2566,
 Corporal,606,
 Sufon,586,
 happygame,621,
 Cruel,597,
 Edenzin,660,
 Kazu,638,
 IceBox,914,
 yOFT,638,
 Hika,597,
 Pancake,2749,
 Carzzy,640,
 Kobbe,604,
 gunkrab,601,
 Maxim,708,
 Destiny,682,
 DVLK,612,
 iiann,714,
 Kneza,614,
 Creon,603,
 Fersito,648,
 Seeker,617,
 Stealshot,577,
 Teddy,587,
 Saju,707,
 AHaHaCiK,856,
 Corporal,620,
 Sufon,705,
 happygame,632,
 Cruel,603,
 Edenzin,644,
 Kazu,671,
 IceBox,646,
 yOFT,585,
 Hika,598,
 Pancake,689,
 Carzzy,596,
 Kobbe,632,
 gunkrab,662,
 Maxim,616,
 Destiny,666,
 DVLK,2583,
 iiann,660,
 Kneza,630,
 Creon,621,
 Fersito,725,
 Seeker,698,
 Stealshot,612,
 Teddy,648,
 Saju,631,
 AHaHaCiK,601,
 Corporal,658,
 Sufon,601,
 happygame,776,
 Cruel,600,
 Edenzin,614,
 Kazu,732,
 IceBox,873,
 yOFT,602,
 Hika,578,
 Pancake,606,
 Carzzy,798,
 Kobbe,872,
 gunkrab,612,
 Maxim,602,
 Destiny,671,
 DVLK,666,
 iiann,603,
 Kneza,610,
 Creon,681,
 Fersito,585,
 Seeker,624,
 Stealshot,786,
 Teddy,618,
 Saju,626,
 AHaHaCiK,727,
 Corporal,721,
 Sufon,623,
 happygame,610,
 Cruel,593,
 Edenzin,597,
 Kazu,692,
 IceBox,596,
 yOFT,714,
 Hika,604,
 Pancake,694,
 Carzzy,778,
 Kobbe,610,
 gunkrab,613,
 Maxim,601,
 Destiny,713,
 DVLK,716,
 iiann,614,
 Kneza,652,
 Creon,632,
 Fersito,834,
 Seeker,726,
 Stealshot,606,
 Teddy,620,
 Saju,608,
 AHaHaCiK,740,
 Corporal,629,
 Sufon,619,
 happygame,645,
 Cruel,670,
 Edenzin,722,
 Kazu,647,
 IceBox,599,
 yOFT,624,
 Hika,574,
 Pancake,845,
 Carzzy,661,
 Kobbe,617,
 gunkrab,609,
 Maxim,2626,
 Destiny,599,
 DVLK,627,
 iiann,606,
 Kneza,614,
 Creon,754,
 Fersito,647,
 Seeker,612,
 Stealshot,598,
 Teddy,607,
 Saju,1739,
 AHaHaCiK,601,
 Corporal,658,
 Sufon,613,
 happygame,620,
 Cruel,2582,
 Edenzin,640,
 Kazu,585,
 IceBox,605,
 yOFT,586,
 Hika,713,
 Pancake,589,
 Carzzy,618,
 Kobbe,692,
 gunkrab,1697,
 Maxim,1644,
 Destiny,625,
 DVLK,636,
 iiann,691,
 Kneza,810,
 Creon,623,
 Fersito,632,
 Seeker,620,
 Stealshot,684,
 Teddy,602,
 Saju,681,
 AHaHaCiK,627,
 Corporal,593,
 Sufon,604,
 happygame,687,
 Cruel,915,
 Edenzin,672,
 Kazu,700,
 IceBox,638,
 yOFT,2605,
 Hika,522,
 Pancake,765,
 Carzzy,539,
 Kobbe,570,
 gunkrab,590,
 Maxim,577,
 Destiny,609,
 DVLK,534,
 iiann,546,
 Kneza,549,
 Creon,526,
 Fersito,531,
 Seeker,546,
 Stealshot,669,
 Teddy,600,
 Saju,585,
 AHaHaCiK,564,
 Corporal,555,
 Sufon,542,
 happygame,521,
 Cruel,511,
 Edenzin,528,
 Kazu,569,
 IceBox,579,
 yOFT,575,
 Hika,636,
 Pancake,553,
 Carzzy,536,
 Kobbe,546,
 gunkrab,618,
 Maxim,577,
 Destiny,555,
 DVLK,582,
 iiann,535,
 Kneza,527,
 Creon,507,
 Fersito,508,
 Seeker,630,
 Stealshot,539,
 Teddy,569,
 Saju,731,
 AHaHaCiK,541,
 Corporal,519,
 Sufon,515,
 happygame,522,
 Cruel,558,
 Edenzin,541,
 Kazu,656,
 IceBox,617,
 yOFT,803,
 Hika,531,
 Pancake,558,
 Carzzy,560,
 Kobbe,553,
 gunkrab,515,
 Maxim,539,
 Destiny,521,
 DVLK,673,
 iiann,546,
 Kneza,516,
 Creon,608,
 Fersito,531,
 Seeker,535,
 Stealshot,682,
 Teddy,750,
 Saju,615,
 AHaHaCiK,647,
 Corporal,596,
 Sufon,680,
 happygame,617,
 Cruel,646,
 Edenzin,878,
 Kazu,635,
 IceBox,819,
 yOFT,610,
 Hika,585,
 Pancake,585,
 Carzzy,907,
 Kobbe,754,
 gunkrab,603,
 Maxim,587,
 Destiny,620,
 DVLK,590,
 iiann,727,
 Kneza,628,
 Creon,683,
 Fersito,587,
 Seeker,2708,
 Stealshot,722,
 Teddy,667,
 Saju,651,
 AHaHaCiK,639,
 Corporal,2629,
 Sufon,621,
 happygame,593,
 Cruel,654,
 Edenzin,618,
 Kazu,727,
 IceBox,2571,
 yOFT,849,
 Hika,576,
 Pancake,640,
 Carzzy,627,
 Kobbe,769,
 gunkrab,818,
 Maxim,594,
 Destiny,579,
 DVLK,632,
 iiann,596,
 Kneza,599,
 Creon,685,
 Fersito,619,
 Seeker,673,
 Stealshot,684,
 Teddy,746,
 Saju,592,
 AHaHaCiK,637,
 Corporal,741,
 Sufon,643,
 happygame,649,
 Cruel,604,
 Edenzin,667,
 Kazu,654,
 IceBox,600,
 yOFT,831,
 Hika,628,
 Pancake,606,
 Carzzy,673,
 Kobbe,609,
 gunkrab,587,
 Maxim,589,
 Destiny,908,
 DVLK,715,
 iiann,599,
 Kneza,683,
 Creon,599,
 Fersito,604,
 Seeker,690,
 Stealshot,643,
 Teddy,606,
 Saju,593,
 AHaHaCiK,807,
 Corporal,681,
 Sufon,606,
 happygame,715,
 Cruel,598,
 Edenzin,2628,
 Kazu,585,
 IceBox,864,
 yOFT,621,
 Hika,608,
 Pancake,675,
 Carzzy,2570,
 Kobbe,655,
 gunkrab,607,
 Maxim,857,
 Destiny,634,
 DVLK,631,
 iiann,726,
 Kneza,637,
 Creon,582,
 Fersito,612,
 Seeker,936,
 Stealshot,612,
 Teddy,609,
 Saju,881,
 AHaHaCiK,627,
 Corporal,2608,
 Sufon,646,
 happygame,612,
 Cruel,594,
 Edenzin,631,
 Kazu,740,
 IceBox,612,
 yOFT,607,
 Hika,675,
 Pancake,612,
 Carzzy,640,
 Kobbe,608,
 gunkrab,594,
 Maxim,622,
 Destiny,609,
 DVLK,996,
 iiann,600,
 Kneza,648,
 Creon,679,
 Fersito,612,
 Seeker,676,
 Stealshot,594,
 Teddy,615,
 Saju,588,
 AHaHaCiK,614,
 Corporal,620,
 Sufon,644,
 happygame,613,
 Cruel,686,
 Edenzin,966,
 Kazu,657,
 IceBox,621,
 yOFT,629,
 Hika,583,
 Pancake,703,
 Carzzy,866,
 Kobbe,618,
 gunkrab,607,
 Maxim,730,
 Destiny,730,
 DVLK,609,
 iiann,913,
 Kneza,592,
 Creon,633,
 Fersito,1724,
 Seeker,867,
 Stealshot,655,
 Teddy,639,
 Saju,626,
 AHaHaCiK,706,
 Corporal,588,
 Sufon,578,
 happygame,574,
 Cruel,837,
 Edenzin,783,
 Kazu,615,
 IceBox,615,
 yOFT,619,
 Hika,591,
 Pancake,742,
 Carzzy,857,
 Kobbe,596,
 gunkrab,613,
 Maxim,726,
 Destiny,585,
 DVLK,601,
 iiann,612,
 Kneza,688,
 Creon,763,
 Fersito,667,
 Seeker,617,
 Stealshot,606,
 Teddy,601,
 Saju,799,
 AHaHaCiK,705,
 Corporal,613,
 Sufon,647,
 happygame,608,
 Cruel,720,
 Edenzin,611,
 Kazu,625,
 IceBox,625,
 yOFT,600,
 Hika,800,
 Pancake,631,
 Carzzy,662,
 Kobbe,667,
 gunkrab,696,
 Maxim,767,
 Destiny,626,
 DVLK,585,
 iiann,601,
 Kneza,608,
 Creon,813,
 Fersito,712,
 Seeker,606,
 Stealshot,626,
 Teddy,624,
 Saju,2604,
 AHaHaCiK,632,
 Corporal,860,
 Sufon,634,
 happygame,601,
 Cruel,1758,
 Edenzin,608,
 Kazu,609,
 IceBox,597,
 yOFT,615,
 Hika,1816,
 Pancake,609,
 Carzzy,619,
 Kobbe,598,
 gunkrab,632,
 Maxim,765,
 Destiny,625,
 DVLK,616,
 iiann,594,
 Kneza,824,
 Creon,699,
 Fersito,624,
 Seeker,722,
 Stealshot,724,
 Teddy,589,
 Saju,699,
 AHaHaCiK,600,
 Corporal,613,
 Sufon,586,
 happygame,643,
 Cruel,829,
 Edenzin,639,
 Kazu,910,
 IceBox,637,
 yOFT,579,
 Hika,730,
 Pancake,671,
 Carzzy,642,
 Kobbe,593,
 gunkrab,2651,
 Maxim,579,
 Destiny,643,
 DVLK,609,
 iiann,625,
 Kneza,603,
 Creon,716,
 Fersito,850,
 Seeker,681,
 Stealshot,1085,
 Teddy,595,
 Saju,716,
 AHaHaCiK,619,
 Corporal,632,
 Sufon,678,
 happygame,635,
 Cruel,714,
 Edenzin,628,
 Kazu,628,
 IceBox,671,
 yOFT,594,
 Hika,832,
 Pancake,604,
 Carzzy,603,
 Kobbe,561,
 gunkrab,584,
 Maxim,691,
 Destiny,618,
 DVLK,634,
 iiann,671,
 Kneza,660,
 Creon,691,
 Fersito,596,
 Seeker,591,
 Stealshot,605,
 Teddy,589,
 Saju,809,
 AHaHaCiK,840,
 Corporal,596,
 Sufon,638,
 happygame,628,
 Cruel,683,
 Edenzin,604,
 Kazu,670,
 IceBox,606,
 yOFT,579,
 Hika,680,
 Pancake,653,
 Carzzy,632,
 Kobbe,610,
 gunkrab,777,
 Maxim,1759,
 Destiny,644,
 DVLK,613,
 iiann,603,
 Kneza,915,
 Creon,607,
 Fersito,617,
 Seeker,716,
 Stealshot,654,
 Teddy,652,
 Saju,619,
 AHaHaCiK,674,
 Corporal,588,
 Sufon,590,
 happygame,951,
 Cruel,614,
 Edenzin,604,
 Kazu,717,
 IceBox,648,
 yOFT,646,
 Hika,603,
 Pancake,595,
 Carzzy,608,
 Kobbe,613,
 gunkrab,691,
 Maxim,925,
 Destiny,619,
 DVLK,651,
 iiann,712,
 Kneza,673,
 Creon,607,
 Fersito,683,
 Seeker,596,
 Stealshot,656,
 Teddy,840,
 Saju,602,
 AHaHaCiK,621,
 Corporal,768,
 Sufon,681,
 happygame,691,
 Cruel,598,
 Edenzin,598,
 Kazu,603,
 IceBox,589,
 yOFT,638,
 Hika,672,
 Pancake,694,
 Carzzy,632,
 Kobbe,606,
 gunkrab,709,
 Maxim,587,
 Destiny,604,
 DVLK,700,
 iiann,625,
 Kneza,2622,
 Creon,612,
 Fersito,639,
 Seeker,615,
 Stealshot,614,
 Teddy,670,
 Saju,591,
 AHaHaCiK,606,
 Corporal,794,
 Sufon,686,
 happygame,923,
 Cruel,614,
 Edenzin,874,
 Kazu,588,
 IceBox,607,
 yOFT,726,
 Hika,612,
 Pancake,627,
 Carzzy,622,
 Kobbe,609,
 gunkrab,735,
 Maxim,593,
 Destiny,645,
 DVLK,664,
 iiann,819,
 Kneza,896,
 Creon,584,
 Fersito,597,
 Seeker,609,
 Stealshot,1766,
 Teddy,613,
 Saju,581,
 AHaHaCiK,608,
 Corporal,573,
 Sufon,814,
 happygame,783,
 Cruel,639,
 Edenzin,627,
 Kazu,668,
 IceBox,714,
 yOFT,613,
 Hika,632,
 Pancake,620,
 Carzzy,616,
 Kobbe,728,
 gunkrab,740,
 Maxim,607,
 Destiny,715,
 DVLK,758,
 iiann,709,
 Kneza,594,
 Creon,590,
 Fersito,587,
 Seeker,601,
 Stealshot,738,
 Teddy,763,
 Saju,615,
 AHaHaCiK,619,
 Corporal,657,
 Sufon,2630,
 happygame,589,
 Cruel,594,
 Edenzin,619,
 Kazu,592,
 IceBox,783,
 yOFT,620,
 Hika,604,
 Pancake,597,
 Carzzy,588,
 Kobbe,701,
 gunkrab,584,
 Maxim,672,
 Destiny,620,
 DVLK,746,
 iiann,737,
 Kneza,622,
 Creon,669,
 Fersito,662,
 Seeker,632,
 Stealshot,1735,
 Teddy,572,
 Saju,976,
 AHaHaCiK,695,
 Corporal,640,
 Sufon,1018,
 happygame,620,
 Cruel,612,
 Edenzin,612,
 Kazu,639,
 IceBox,732,
 yOFT,576,
 Hika,639,
 Pancake,631,
 Carzzy,2649,
 Kobbe,619,
 gunkrab,614,
 Maxim,598,
 Destiny,625,
 DVLK,708,
 iiann,676,
 Kneza,639,
 Creon,711,
 Fersito,627,
 Seeker,741,
 Stealshot,592,
 Teddy,621,
 Saju,613,
 AHaHaCiK,650,
 Corporal,776,
 Sufon,598,
 happygame,582,
 Cruel,704,
 Edenzin,648,
 Kazu,859,
 IceBox,689,
 yOFT,605,
 Hika,601,
 Pancake,640,
 Carzzy,767,
 Kobbe,665,
 gunkrab,635,
 Maxim,701,
 Destiny,768,
 DVLK,620,
 iiann,596,
 Kneza,591,
 Creon,587,
 Fersito,794,
 Seeker,749,
 Stealshot,609,
 Teddy,597,
 Saju,678,
 AHaHaCiK,689,
 Corporal,641,
 Sufon,647,
 happygame,625,
 Cruel,605,
 Edenzin,709,
 Kazu,582,
 IceBox,865,
 yOFT,703,
 Hika,655,
 Pancake,631,
 Carzzy,671,
 Kobbe,592,
 gunkrab,577,
 Maxim,611,
 Destiny,788,
 DVLK,592,
 iiann,608,
 Kneza,604,
 Creon,595,
 Fersito,691,
 Seeker,607,
 Stealshot,663,
 Teddy,657,
 Saju,588,
 AHaHaCiK,2698,
 Corporal,649,
 Sufon,667,
 happygame,597,
 Cruel,574,
 Edenzin,660,
 Kazu,602,
 IceBox,615,
 yOFT,680,
 Hika,597,
 Pancake,854,
 Carzzy,630,
 Kobbe,633,
 gunkrab,626,
 Maxim,585,
 Destiny,732,
 DVLK,850,
 iiann,590,
 Kneza,574,
 Creon,587,
 Fersito,843,
 Seeker,629,
 Stealshot,682,
 Teddy,606,
 Saju,589,
 AHaHaCiK,641,
 Corporal,592,
 Sufon,582,
 happygame,621,
 Cruel,613,
 Edenzin,691,
 Kazu,602,
 IceBox,638,
 yOFT,660,
 Hika,619,
 Pancake,2613,
 Carzzy,629,
 Kobbe,625,
 gunkrab,645,
 Maxim,681,
 Destiny,781,
 DVLK,648,
 iiann,615,
 Kneza,582,
 Creon,606,
 Fersito,617,
 Seeker,696,
 Stealshot,836,
 Teddy,918,
 Saju,926,
 AHaHaCiK,691,
 Corporal,634,
 Sufon,608,
 happygame,589,
 Cruel,642,
 Edenzin,608,
 Kazu,615,
 IceBox,887,
 yOFT,682,
 Hika,770,
 Pancake,654,
 Carzzy,626,
 Kobbe,607,
 gunkrab,613,
 Maxim,683,
 Destiny,679,
 DVLK,756,
 iiann,615,
 Kneza,615,
 Creon,772,
 Fersito,600,
 Seeker,634,
 Stealshot,673,
 Teddy,597,
 Saju,912,
 AHaHaCiK,592,
 Corporal,640,
 Sufon,630,
 happygame,2607,
 Cruel,612,
 Edenzin,592,
 Kazu,602,
 IceBox,713,
 yOFT,716,
 Hika,582,
 Pancake,609,
 Carzzy,658,
 Kobbe,651,
 gunkrab,2598,
 Maxim,593,
 Destiny,865,
 DVLK,601,
 iiann,683,
 Kneza,1681,
 Creon,612,
 Fersito,604,
 Seeker,645,
 Stealshot,686,
 Teddy,2604,
 Saju,601,
 AHaHaCiK,620,
 Corporal,691,
 Sufon,602,
 happygame,597,
 Cruel,640,
 Edenzin,595,
 Kazu,638,
 IceBox,615,
 yOFT,701,
 Hika,666,
 Pancake,637,
 Carzzy,601,
 Kobbe,622,
 gunkrab,728,
 Maxim,603,
 Destiny,737,
 DVLK,662,
 iiann,597,
 Kneza,724,
 Creon,648,
 Fersito,619,
 Seeker,611,
 Stealshot,676,
 Teddy,724,
 Saju,613,
 AHaHaCiK,578,
 Corporal,759,
 Sufon,621,
 happygame,791,
 Cruel,761,
 Edenzin,639,
 Kazu,597,
 IceBox,622,
 yOFT,2966,
 Hika,639,
 Pancake,636,
 Carzzy,624,
 Kobbe,647,
 gunkrab,825,
 Maxim,625,
 Destiny,603,
 DVLK,614,
 iiann,607,
 Kneza,748,
 Creon,593,
 Fersito,749,
 Seeker,641,
 Stealshot,613,
 Teddy,1722,
 Saju,583,
 AHaHaCiK,625,
 Corporal,625,
 Sufon,727,
 happygame,602,
 Cruel,653,
 Edenzin,635,
 Kazu,601,
 IceBox,759,
 yOFT,611,
 Hika,613,
 Pancake,612,
 Carzzy,636,
 Kobbe,693,
 gunkrab,628,
 Maxim,689,
 Destiny,750,
 DVLK,590,
 iiann,739,
 Kneza,586,
 Creon,609,
 Fersito,623,
 Seeker,689,
 Stealshot,2573,
 Teddy,609,
 Saju,596,
 AHaHaCiK,644,
 Corporal,666,
 Sufon,592,
 happygame,590,
 Cruel,837,
 Edenzin,606,
 Kazu,1751,
 IceBox,601,
 yOFT,588,
 Hika,617,
 Pancake,610,
 Carzzy,1741,
 Kobbe,583